group,business,address,city,zip,ppp_total,loans,jobs,business_type,franchise,naics,first_approved
Coffee roaster,ABSTRAX TECH INC,15550 Rockfield Blvd,Irvine,92618,450560,1,35,Corporation,,311920,01/25/2021
Coffee roaster,NEWPORT FLAVORS & FRAGRANCES,833 N ELM ST,ORANGE,92867,338060,1,27,Subchapter S Corporation,,311920,04/13/2020
Coffee shop (snack and beverage bar),WINPIN 85 INVESTMENTS LLC,1415 Moonstone 0.0,Brea,92821,6209882,1,500,Limited  Liability Company(LLC),,722515,04/16/2020
Coffee shop (snack and beverage bar),NEKTER JUICE BAR INC.,1844 Carnegie Ave,SANTA ANA,92705,3120782,2,500,Corporation,Nekter Juice Bar,722515,04/01/2021
Coffee shop (snack and beverage bar),RTR BAKERY INC,2640 Walnut Ave Ste C,Tustin,92780,790812,2,60,Corporation,,722515,03/20/2021
Coffee shop (snack and beverage bar),SIDECAR DOUGHNUTS LLC,1730 ANAHEIM AVE,COSTA MESA,92627,683817,1,134,Limited  Liability Company(LLC),,722515,04/03/2020
Coffee shop (snack and beverage bar),ROTHMAN FOOD GROUP LLC,4012 Katella Ave Ste 205,Los Alamitos,90720,587454,1,36,Limited  Liability Company(LLC),,722515,02/11/2021
Coffee shop (snack and beverage bar),BODHI LEAF TRADING COMPANY,428 W KATELLA AVE,ORANGE,92867,531252,1,122,Corporation,,722515,04/28/2020
Coffee shop (snack and beverage bar),"GOLDEN 85 INVESTMENTS, LLC",1415 Moonstone 0,Brea,92821,415500,1,68,Limited  Liability Company(LLC),,722515,04/27/2020
Coffee shop (snack and beverage bar),SHARETEA IRVINE LLC,4199 Campus Dr Ste C,Irvine,92612,392189,2,34,Limited  Liability Company(LLC),,722515,03/16/2021
Coffee shop (snack and beverage bar),PORTOLA HANDCRAFTED COFFEE ROASTERS LLC,3313 Hyland Ave Ste B2,Costa Mesa,92626,348470,1,26,Limited  Liability Company(LLC),,722515,01/20/2021
Coffee shop (snack and beverage bar),FLAPPYS OC LP A CALIFORNIA LIMITED P/S,2848 North Santiago Boulevard,Orange,92867,327200,1,55,Sole Proprietorship,,722515,04/13/2020
Coffee shop (snack and beverage bar),MARIMIX COMPANY INC.,987 N Enterprise St,Orange,92867,305893,1,5,Corporation,,722515,04/01/2021
Coffee shop (snack and beverage bar),ZERO DEGREES ITALIAN ICE INC.,3921 E La Palma Ave Ste E,Anaheim,92807,261149,1,8,Corporation,,722515,05/18/2021
Coffee shop (snack and beverage bar),PORTOLA HANDCRAFTED COFFEE ROASTERS LLC,2569 Tea Leaf Lane,TUSTIN,92782,252700,1,63,Limited  Liability Company(LLC),,722515,04/09/2020
Coffee shop (snack and beverage bar),CMCS 3 JUICE LP,901-D South Coast Dr,Costa Mesa,92626,242228,1,364,Partnership,,722515,04/27/2020
Coffee shop (snack and beverage bar),"BIGFISH RESTAURANT ENTERPRISES,LLC",26851 Aliso Creek Road,Aliso Viejo,92656,230700,1,60,Sole Proprietorship,,722515,04/15/2020
Coffee shop (snack and beverage bar),"NEKTER FRANCHISE, INC.",1844 CARNEGIE AVE,SANTA ANA,92705,225760,1,12,Corporation,Nekter Juice Bar,722515,04/28/2020
Coffee shop (snack and beverage bar),"BAS FOOD SERVICES, INC.",31878 Del Obispo Street Suite 118,San Juan Capistrano,92675,203900,1,45,Sole Proprietorship,,722515,04/14/2020
Coffee shop (snack and beverage bar),CMCS 2 JUICE LP,1835 Newport Blvd #D159,Costa Mesa,92627,192782,1,309,Partnership,,722515,04/27/2020
Coffee shop (snack and beverage bar),ZERO DEGREES ITALIAN ICE INC,3921 E LA PALMA AVE STE E,ANAHEIM,92807,186535,1,8,Corporation,,722515,04/12/2020
Coffee shop (snack and beverage bar),COALINGA VALLEY MANAGEMENT INC.,2435 E Imperial Hwy Ste B,Brea,92821,171500,1,66,Corporation,Nekter Juice Bar,722515,02/12/2021
Coffee shop (snack and beverage bar),MANHATTAN CREAMERY LLC,4012 Katella Ave Ste 205,Los Alamitos,90720,163992,1,13,Limited  Liability Company(LLC),,722515,02/11/2021
Coffee shop (snack and beverage bar),BLACKMARKET BAKERY,17941 Sky Park Cir Ste E,Irvine,92614,153105,1,24,Corporation,,722515,01/28/2021
Coffee shop (snack and beverage bar),OLAMENDIS INC,34660 Pacific Coast Hwy,Dana Point,92624,150000,1,14,Sole Proprietorship,,722515,04/15/2020
Coffee shop (snack and beverage bar),MYLEE INC.,8378 On the Mall # 233B,Buena Park,90620,150000,1,17,Corporation,Auntie Anne's,722515,03/17/2021
Coffee shop (snack and beverage bar),UER LLC,135 Pantheon,Irvine,92620,150000,1,16,Limited  Liability Company(LLC),Robeks,722515,03/20/2021
Commercial kitchen: caterer,MASTROIANNI FAMILY ENTERPRISES LTD,10581 Garden Grove Blvd,Garden Grove,92843,2659000,2,108,Corporation,,722320,01/27/2021
Commercial kitchen: caterer,"UCI, INC.",9012 RESEARCH DR,IRVINE,92618,1988075,1,215,Subchapter S Corporation,,722320,05/01/2020
Commercial kitchen: caterer,24 CARROTS LLC,150 Baker St,Costa Mesa,92626,1820000,1,300,Limited  Liability Company(LLC),,722320,02/26/2021
Commercial kitchen: caterer,"24 CARROTS, LLC",150 BAKER STREET,COSTA MESA,92626,1482100,1,132,Limited  Liability Company(LLC),,722320,04/06/2020
Commercial kitchen: caterer,24 CARROTS SPECIAL EVENTS INC,150 Baker St,Costa Mesa,92626,1061900,1,300,Corporation,,722320,01/29/2021
Commercial kitchen: caterer,"ZOV'S BISTRO, INC.",17440 17th St,Tustin,92780,937357,2,85,Corporation,,722320,01/25/2021
Commercial kitchen: caterer,"ZOV'S BISTRO II, INC.",17440 17th St Ste A,Tustin,92780,849871,2,183,Corporation,,722320,03/13/2021
Commercial kitchen: caterer,ET PRODUCTIONS LLC,25722 Commercentre Dr,Lake Forest,92630,799906,2,45,Limited  Liability Company(LLC),,722320,02/04/2021
Commercial kitchen: caterer,"24 CARROTS SPECIAL EVENTS, INC.",150 BAKER STREET,COSTA MESA,92626,758500,1,213,Corporation,,722320,04/06/2020
Commercial kitchen: caterer,CANYON CATERING & EVENTS,560 W Freedom Ave,Orange,92865,688170,1,151,Subchapter S Corporation,,722320,03/31/2021
Commercial kitchen: caterer,COLETTES CATERING AND SPECIALTY CAKES,1568 Kimberly Ave,Fullerton,92831,660961,1,101,Corporation,,722320,01/28/2021
Commercial kitchen: caterer,LAS GOLONDRINAS MEXICAN FOOD PRODUCTS,27124 PASEO ESPADA #803,SAN JUAN CAPISTRANO,92675,597255,1,103,Subchapter S Corporation,,722320,04/14/2020
Commercial kitchen: caterer,HUNTINGTON CULINARY INC.,5122 Bolsa Ave Suite 102,HUNTINGTON BEACH,92649,569695,1,68,Subchapter S Corporation,,722320,05/01/2020
Commercial kitchen: caterer,COLETTE'S CATERING & SPECIALTY CAKE,1568 KIMBERLY AVE,FULLERTON,92831,516702,1,150,Corporation,,722320,04/13/2020
Commercial kitchen: caterer,SUMMIT EVENT PRODUCTIONS INC.,765 S State College Blvd,Fullerton,92831,497245,1,70,Subchapter S Corporation,,722320,03/31/2021
Commercial kitchen: caterer,ABOVE ALL CATERING INC.,218 S Magnolia Ave,Anaheim,92804,471390,1,30,Corporation,,722320,03/12/2021
Commercial kitchen: caterer,CAPISTRANO CATERING INC,31738 Rancho Viejo Rd Ste E,San Juan Capistrano,92675,469556,1,82,Corporation,,722320,01/23/2021
Commercial kitchen: caterer,SOMBRERO STREET INC,719 N Main St,Santa Ana,92701,468228,2,34,Corporation,,722320,03/18/2021
Commercial kitchen: caterer,SHERBANEE ENTERPRISES INC.,1565 Scenic Ave,Costa Mesa,92626,410179,1,64,Corporation,,722320,02/07/2021
Commercial kitchen: caterer,HAVE KITCHEN...WILL TRAVEL ENTERPRISES,1725 College Ave,Santa Ana,92706,394705,1,23,Corporation,,722320,03/12/2021
Commercial kitchen: caterer,"ABOVE ALL CATERING, INC.",218 S Magnolia Ave,Anaheim,92804,340658,1,28,Corporation,,722320,05/01/2020
Commercial kitchen: caterer,MIDNIGHT MUNCHIES INC.,3220 HALLADAY ST STE B,SANTA ANA,92705,326105,1,40,Corporation,,722320,05/01/2020
Commercial kitchen: caterer,"SHERBANEE ENTERPRISES, INC. DBA TURNIP ROSE",1565 SCENIC AVE STE F,COSTA MESA,92626,320000,1,80,Corporation,,722320,04/16/2020
Commercial kitchen: caterer,CAPISTRANO CATERING INC.,31728 Rancho Viejo Rd. #E,San Juan Capistrano,92675,311878,1,21,Corporation,,722320,04/13/2020
Commercial kitchen: caterer,CREME DE LA CREME INC,3001 Red Hill Ave Ste 102,Costa Mesa,92626,291053,1,12,Corporation,,722320,02/06/2021
Commercial kitchen: caterer,"SUMMIT EVENT PRODUCTIONS, INC.",765 S. State College Blvd. SUITE A,Fullerton,92831,283467,1,78,Subchapter S Corporation,,722320,05/01/2020
Commercial kitchen: caterer,"WHITE HOUSE CATERING, INC.",17662 YORBA LINDA BLVD,YORBA LINDA,92886,277300,1,38,Corporation,,722320,04/29/2020
Commercial kitchen: caterer,ROSE WADE EVENTS INC,1160 N Tustin St,Orange,92867,271418,1,43,Corporation,,722320,02/19/2021
Commercial kitchen: caterer,CASA DE LAGO EVENTS LLC,150 Baker St,Costa Mesa,92626,269900,1,71,Limited Liability Partnership,,722320,01/25/2021
Commercial kitchen: caterer,"HAVE KITCHEN...WILL TRAVEL, ENTERPRISES",1725 COLLEGE AVE,SANTA ANA,92706,264837,1,45,Corporation,,722320,05/01/2020
Commercial kitchen: caterer,"FOOD SYSTEMS, INCORPORATED (FSI)",7280 Artesia Blvd,Buena Park,90621,261900,1,18,Corporation,,722320,04/28/2020
Commercial kitchen: caterer,LAGUNA BEACH COMPANY INC.,777 Laguna Canyon Rd,Laguna Beach,92651,250600,1,20,Corporation,,722320,04/20/2021
Commercial kitchen: caterer,UCS GLOBAL AMERICAS LLC,18100 VON KARMAN AVE STE 850,IRVINE,92612,249915,1,37,Limited  Liability Company(LLC),,722320,04/14/2020
Commercial kitchen: caterer,TK BURGERS CATERING INC,2210 S Lyon St,Santa Ana,92705,240565,1,23,Corporation,,722320,01/21/2021
Commercial kitchen: caterer,"CREME DE LA CREME, INC.",3001 RED HILL AVE,COSTA MESA,92626,231080,1,10,Corporation,,722320,04/27/2020
Commercial kitchen: caterer,CALI FIT MEALS,3450 E Orangethorpe Ave,Anaheim,92806,194408,1,50,Partnership,,722320,02/17/2021
Commercial kitchen: caterer,"CASA DE LAGO EVENTS, LLC",150 BAKER ST,COSTA MESA,92626,192800,1,71,Limited Liability Partnership,,722320,04/13/2020
Commercial kitchen: caterer,LOVE AT FIRST BITE CATERING INC.,18281 Gothard St Ste 108,Huntington Beach,92648,181090,1,28,Subchapter S Corporation,,722320,01/30/2021
Commercial kitchen: caterer,NEXT EVENT AND MEETING PRODUCTIONS INC.,46 Maxwell,Irvine,92618,161525,1,6,Corporation,,722320,02/12/2021
Commercial kitchen: food service contractor,"BLD BRANDS, LLC",20377 SW Acacia St. Suite 200,NEWPORT BEACH,92660,5376800,1,500,Limited  Liability Company(LLC),Papa John's,722310,04/08/2020
Commercial kitchen: food service contractor,GBS LINENS,305 N Muller St Gbs Linens,Anaheim,92801,2000000,1,35,Corporation,,722310,03/17/2021
Commercial kitchen: food service contractor,ELITE ASSOCIATES HOLDING INC.,875 Challenger St,Brea,92821,2000000,1,100,Corporation,,722310,03/20/2021
Commercial kitchen: food service contractor,AG CONSULTING,31051 Corte Aurora,San Juan Capistrano,92675,1349066,2,155,Corporation,,722310,02/20/2021
Commercial kitchen: food service contractor,AMUSEMENT FOODS INC,2110 S Harbor Blvd,Anaheim,92802,772222,1,126,Corporation,,722310,03/02/2021
Commercial kitchen: food service contractor,HUNTINGTON CULINARY INC.,5122 Bolsa Ave Ste 102,Huntington Beach,92649,706951,1,40,Subchapter S Corporation,,722310,02/11/2021
Commercial kitchen: food service contractor,@YOURGATE LLC,4 Half Moon Trl,Ladera Ranch,92694,605948,1,30,Limited  Liability Company(LLC),,722310,02/06/2021
Commercial kitchen: food service contractor,KLH MARKETING INC.,2020 E. Winston Rd.,Anaheim,92806,540892,1,29,Subchapter S Corporation,,722310,04/08/2021
Commercial kitchen: food service contractor,"BRODARD ENTERPRISE, INC.",16105 BROOKHURST ST,FOUNTAIN VALLEY,92708,503800,1,101,Corporation,,722310,04/27/2020
Commercial kitchen: food service contractor,MAFA CARRIERS INC.,19802 Ravenna Drive,Yorba Linda,92886,472200,1,40,Corporation,,722310,04/10/2020
Commercial kitchen: food service contractor,TACO MESA INC,"3533 E. Chapman Ave., Suite C",ORANGE,92869,456667,1,64,Subchapter S Corporation,,722310,04/29/2020
Commercial kitchen: food service contractor,RCIH LLC,1 Centerpointe Drive Suite 400,La Palma,90623,441500,1,126,Limited  Liability Company(LLC),,722310,04/13/2020
Commercial kitchen: food service contractor,ATNIP CO,1414 W Commonwealth Ave,Fullerton,92833,404773,1,18,Corporation,,722310,02/17/2021
Commercial kitchen: food service contractor,WHITE HOUSE CATERING INC,17662 Yorba Linda Blvd,Yorba Linda,92886,378750,1,12,Corporation,,722310,03/26/2021
Commercial kitchen: food service contractor,KNIFE PLEAT INC.,3333 Bristol St Ste 3001,Costa Mesa,92626,309750,1,25,Subchapter S Corporation,,722310,04/13/2021
Commercial kitchen: food service contractor,UCS GLOBAL AMERICAS LLC,18100 Von Karman Ave Ste 850 18100 Von Karman Ave Ste 850,Irvine,92612,300000,1,30,Limited  Liability Company(LLC),,722310,03/12/2021
Commercial kitchen: food service contractor,TEAM ABC LLC,315 N Puente St Ste H,Brea,92821,295700,1,14,Limited  Liability Company(LLC),,722310,01/25/2021
Commercial kitchen: food service contractor,"SAGA KAPITAL GROUP, INC.",108 Saybrook,Irvine,92620,253500,1,34,Corporation,,722310,04/09/2020
Commercial kitchen: food service contractor,TFSC INC.,2831 Birch Place,Fullerton,92835,250000,1,26,Corporation,,722310,04/10/2020
Commercial kitchen: food service contractor,TREATS CONCESSION LLC,3364 E La Palma Ave,Anaheim,92806,248424,1,25,Limited  Liability Company(LLC),,722310,04/06/2021
Commercial kitchen: food service contractor,MIKIO CORPORATION,108 S. FAIRMONT BLVD,ANAHEIM,92808,221195,1,37,Corporation,,722310,05/04/2020
Commercial kitchen: food service contractor,HNC ENTERPRISEINC,1841 W Orangethorpe Ave,Fullerton,92833,221109,1,32,Corporation,,722310,02/13/2021
Commercial kitchen: food service contractor,"ALISIA, INC.",24445 Alicia Parkway,Mission Viejo,92691,212966,1,36,Corporation,,722310,04/27/2020
Commercial kitchen: food service contractor,TREATS CONCESSIONS,3960 E Miraloma Ave,Anaheim,92806,196000,1,25,Limited  Liability Company(LLC),,722310,03/13/2021
Commercial kitchen: food service contractor,DR B'S CHICKEN INC,2620 Newport Blvd,Costa Mesa,92627,166383,1,15,Corporation,,722310,02/05/2021
Commercial kitchen: food service contractor,ISLA RESTAURANT,30 Centerpointe Drive ste 12,La Palma,90623,160200,1,32,Corporation,,722310,04/30/2020
Commercial kitchen: mobile food service,CLOUDBASE VENTURES INC,3198 Airport Loop Dr Ste C,Costa Mesa,92626,996524,1,61,Corporation,,722330,02/16/2021
Commercial kitchen: mobile food service,"WORKING TO GIVE, LLC.",708 N Valley St Ste F,Anaheim,92801,354196,1,59,Limited  Liability Company(LLC),,722330,02/08/2021
