loan_number,biz_id,draw,processing_method,date_approved,current_approval_amount,initial_approval_amount,borrower_name,borrower_address,city,state,zip,project_city,project_county,project_state,project_zip,naics,hist_jobs_reported,business_type,nonprofit,loan_status,lender,forgiveness_amount,forgiveness_date,term_months,franchise_name,county_zip_check,hist_payroll_proxy_usd,payroll_proxy_basis,source_id,source_row_number,source_sha256
9481018408,biz-001,2,PPS,2021-02-17,337500.00,337500.00,A PLUS GENERAL CONTRACTORS INC.,11330 Knott St,Garden Grove,CA,92841-1400,Garden Grove,ORANGE,CA,92841-1400,238220,41,Corporation,,Paid in Full,"A10Capital, LLC",342456.16,2022-08-09,60,,agree,1620000.00,verified_standard_2.5x,SBA-PPP-150K,92474,3760a581dc3fd7ca12d09996aa360d749e075bcac517e5a6f7e92ae447a1cb8c
6968457304,biz-002,1,PPP,2020-04-30,171100.00,171100.00,"AA ATLAS, INC.",17120 MARDA AVE,YORBA LINDA,CA,92886-1720,YORBA LINDA,ORANGE,CA,92886-1720,238220,14,Subchapter S Corporation,,Paid in Full,Citizens Business Bank,172000.03,2020-11-23,24,,agree,821280.00,verified_standard_2.5x,SBA-PPP-150K,150606,3760a581dc3fd7ca12d09996aa360d749e075bcac517e5a6f7e92ae447a1cb8c
3549287107,biz-003,1,PPP,2020-04-11,318049.00,318049.00,ABSOLUTE AIRFLOW INC,14081 Willow Lane,WESTMINSTER,CA,92683-3684,WESTMINSTER,ORANGE,CA,92683-3684,238220,28,Corporation,,Paid in Full,Farmers & Merchants Bank of Long Beach,320241.11,2021-02-12,24,,agree,1526635.20,verified_standard_2.5x,SBA-PPP-150K,96145,3760a581dc3fd7ca12d09996aa360d749e075bcac517e5a6f7e92ae447a1cb8c
3484528003,biz-004,1,PPP,2020-06-24,234892.00,234892.00,AC ALL STAR,2294 N. Batavia St. Ste B,ORANGE,CA,92865-3106,ORANGE,ORANGE,CA,92865-3106,238220,24,Subchapter S Corporation,,Paid in Full,"JPMorgan Chase Bank, National Association",237641.54,2021-08-31,60,,agree,1127481.60,verified_standard_2.5x,SBA-PPP-150K,119314,3760a581dc3fd7ca12d09996aa360d749e075bcac517e5a6f7e92ae447a1cb8c
4230937703,biz-005,1,PPP,2020-05-01,667770.00,667770.00,ACCUTHERM REFRIGERATION INC,11264 MONARCH STREET SUITE A,GARDEN GROVE,CA,92841,GARDEN GROVE,ORANGE,CA,92841-1000,238220,62,Corporation,,Paid in Full,"Wells Fargo Bank, National Association",674008.62,2021-04-14,24,,agree,3205296.00,verified_standard_2.5x,SBA-PPP-150K,60779,3760a581dc3fd7ca12d09996aa360d749e075bcac517e5a6f7e92ae447a1cb8c
9060337906,biz-006,1,PPP,2020-06-19,235133.00,235133.00,ADAMS & ROBINSON ENTERPRISES,16511 Burke Lane,huntington beach,CA,92647-4537,huntington beach,ORANGE,CA,92647-4537,238220,16,Corporation,,Paid in Full,"FC Marketplace, LLC (dba Funding Circle)",237342.61,2021-06-10,60,,agree,1128638.40,verified_standard_2.5x,SBA-PPP-150K,119201,3760a581dc3fd7ca12d09996aa360d749e075bcac517e5a6f7e92ae447a1cb8c
1142727107,biz-007,1,PPP,2020-04-09,450000.00,450000.00,"ADELPHIA, INC.",1702 W 5TH ST,SANTA ANA,CA,92703-2899,SANTA ANA,ORANGE,CA,92703-2899,238220,32,Corporation,,Paid in Full,Sunwest Bank,455400,2021-06-30,24,,agree,2160000.00,verified_standard_2.5x,SBA-PPP-150K,76505,3760a581dc3fd7ca12d09996aa360d749e075bcac517e5a6f7e92ae447a1cb8c
8445048306,biz-007,2,PPS,2021-01-29,450000.00,450000.00,ADELPHIA INC.,1702 W 5th St,Santa Ana,CA,92703-2906,Santa Ana,ORANGE,CA,92703-2906,238220,32,Corporation,,Paid in Full,Sunwest Bank,455289.04,2022-04-11,60,,agree,2160000.00,verified_standard_2.5x,SBA-PPP-150K,76603,3760a581dc3fd7ca12d09996aa360d749e075bcac517e5a6f7e92ae447a1cb8c
7792038706,biz-008,1,PPP,2021-04-06,1277065.00,1277065.00,ADVANCE FIRE PROTECTION CO. INC.,1451 W Lambert Rd,La Habra,CA,90631-6502,La Habra,ORANGE,CA,90631-6502,238220,51,Corporation,,Paid in Full,Citizens Business Bank,1281788.39,2021-08-27,60,,agree,6129912.00,verified_standard_2.5x,SBA-PPP-150K,45514,3760a581dc3fd7ca12d09996aa360d749e075bcac517e5a6f7e92ae447a1cb8c
7072817209,biz-009,1,PPP,2020-04-28,247424.00,247424.00,"ADVANCED BACKFLOW ROOTING AND PLUMBING, INC.",1401 N KRAEMER BLVD,ANAHEIM,CA,92806-1405,ANAHEIM,ORANGE,CA,92806-1405,238220,17,Corporation,,Paid in Full,Pacific Premier Bank,249471.18,2021-03-05,24,,agree,1187635.20,verified_standard_2.5x,SBA-PPP-150K,114914,3760a581dc3fd7ca12d09996aa360d749e075bcac517e5a6f7e92ae447a1cb8c
4403627703,biz-010,1,PPP,2020-05-01,373090.00,373090.00,AIR FLOW MECHANICAL INCORPORATED,5120 EAST LA PALMA AVE 203,ANAHEIM,CA,92807,ANAHEIM,ORANGE,CA,92807-1000,238220,17,Corporation,,Paid in Full,"Wells Fargo Bank, National Association",375788.51,2021-01-26,24,,agree,1790832.00,verified_standard_2.5x,SBA-PPP-150K,86473,3760a581dc3fd7ca12d09996aa360d749e075bcac517e5a6f7e92ae447a1cb8c
1615588600,biz-010,2,PPS,2021-03-13,383025.00,383025.00,AIR FLOW MECHANICAL INC,5120 E La Palma Ave Ste 203,Anaheim,CA,92807-2091,Anaheim,ORANGE,CA,92807-2091,238220,21,Corporation,,Paid in Full,"Wells Fargo Bank, National Association",385973.77,2021-12-22,60,,agree,1838520.00,verified_standard_2.5x,SBA-PPP-150K,84970,3760a581dc3fd7ca12d09996aa360d749e075bcac517e5a6f7e92ae447a1cb8c
2922668409,biz-011,2,PPS,2021-02-04,2000000.00,2000000.00,AIRE RITE A/C & REFRIGERATION,15122 Bolsa Chica St,Huntington Beach,CA,92649-1025,Huntington Beach,ORANGE,CA,92649-1025,238220,134,Corporation,,Paid in Full,Citizens Business Bank,2016000,2021-12-08,60,,agree,,unknown: at_program_loan_cap,SBA-PPP-150K,39296,3760a581dc3fd7ca12d09996aa360d749e075bcac517e5a6f7e92ae447a1cb8c
3449947107,biz-012,1,PPP,2020-04-11,2113100.00,2113100.00,AIRE-RITE AIR CONDITIONING,15122 BOLSA CHICA ST,HUNTINGTON BEACH,CA,92649-1025,HUNTINGTON BEACH,ORANGE,CA,92649-1025,238220,151,Corporation,,Paid in Full,Sunwest Bank,2137067.76,2021-06-14,24,,agree,10142880.00,verified_standard_2.5x,SBA-PPP-150K,38787,3760a581dc3fd7ca12d09996aa360d749e075bcac517e5a6f7e92ae447a1cb8c
4440157202,biz-013,1,PPP,2020-04-27,223500.00,223500.00,"AIRTRONIX, INC.",6 Foxglove Way,IRVINE,CA,92612-2712,IRVINE,ORANGE,CA,92612-2712,238220,20,Subchapter S Corporation,,Paid in Full,"California Bank of Commerce, NA",224801.14,2021-02-12,24,,agree,1072800.00,verified_standard_2.5x,SBA-PPP-150K,123752,3760a581dc3fd7ca12d09996aa360d749e075bcac517e5a6f7e92ae447a1cb8c
5486978502,biz-013,2,PPS,2021-02-27,242384.00,242384.00,AIRTRONIX INC.,6 Foxglove Way,Irvine,CA,92612-2712,Irvine,ORANGE,CA,92612-2712,238220,17,Subchapter S Corporation,,Paid in Full,"California Bank of Commerce, NA",243685.57,2021-09-15,60,,agree,1163443.20,verified_standard_2.5x,SBA-PPP-150K,116599,3760a581dc3fd7ca12d09996aa360d749e075bcac517e5a6f7e92ae447a1cb8c
3965467700,biz-014,1,PPP,2020-05-01,486328.00,486328.00,ALDOC INC,910 E. ORANGEFAIR LANE,ANAHEIM,CA,92801,ANAHEIM,ORANGE,CA,92801-0900,238220,37,Corporation,,Paid in Full,"Wells Fargo Bank, National Association",490884.83,2021-04-14,24,,agree,2334374.40,verified_standard_2.5x,SBA-PPP-150K,72994,3760a581dc3fd7ca12d09996aa360d749e075bcac517e5a6f7e92ae447a1cb8c
5035257710,biz-015,1,PPP,2020-05-01,262702.00,262702.00,ALICIA AIR CONDITIONING &AMP; HEATING INC,26824 VISTA TER,LAKE FOREST,CA,92630-8116,LAKE FOREST,ORANGE,CA,92630-8116,238220,17,Corporation,,Paid in Full,"Bank of America, National Association",266250.28,2021-09-10,24,,agree,1260969.60,verified_standard_2.5x,SBA-PPP-150K,109808,3760a581dc3fd7ca12d09996aa360d749e075bcac517e5a6f7e92ae447a1cb8c
3535747102,biz-016,1,PPP,2020-04-11,876680.00,876680.00,"ALISO AIR, INC.",29736 Avenida De Las Banderas,Rancho Sta Margarita CA,CA,92688-2615,Rancho Sta Margarita CA,ORANGE,CA,92688-2615,238220,59,Corporation,,Paid in Full,Farmers & Merchants Bank of Long Beach,885470.82,2021-04-20,24,,agree,4208064.00,verified_standard_2.5x,SBA-PPP-150K,53121,3760a581dc3fd7ca12d09996aa360d749e075bcac517e5a6f7e92ae447a1cb8c
2828817207,biz-017,1,PPP,2020-04-16,187300.00,187300.00,ALL PURPOSE FIRE EXTINGUISHER CORP,25132 Tasman,LAGUNA HILLS,CA,92653,LAGUNA HILLS,ORANGE,CA,92653-0100,238220,35,Corporation,,Paid in Full,"Zions Bank, A Division of",189757.99,2021-08-11,60,,agree,899040.00,verified_standard_2.5x,SBA-PPP-150K,141187,3760a581dc3fd7ca12d09996aa360d749e075bcac517e5a6f7e92ae447a1cb8c
8593258301,biz-018,2,PPS,2021-01-29,399815.00,399815.00,ALLIANCE HEATING & AIR CONDITIONING INC.,324 E Dyer Rd,Santa Ana,CA,92707-3757,Santa Ana,ORANGE,CA,92707-3757,238220,27,Corporation,,Paid in Full,"U.S. Bank, National Association",402424.9,2021-09-29,60,,agree,1919112.00,verified_standard_2.5x,SBA-PPP-150K,82699,3760a581dc3fd7ca12d09996aa360d749e075bcac517e5a6f7e92ae447a1cb8c
8148837707,biz-019,1,PPP,2020-05-01,366760.00,366760.00,ALLIANCE HEATING &AMP; AIR CONDITIONING INC.,324 DYER RD E,SANTA ANA,CA,92707,SANTA ANA,ORANGE,CA,92707-0001,238220,30,Corporation,,Paid in Full,"U.S. Bank, National Association",369235.63,2021-01-14,24,,agree,1760448.00,verified_standard_2.5x,SBA-PPP-150K,87442,3760a581dc3fd7ca12d09996aa360d749e075bcac517e5a6f7e92ae447a1cb8c
7175467105,biz-020,1,PPP,2020-04-14,277000.00,277000.00,"ALPS AIR CONDITIONING & HEATING, INC.",1895 S Santa Cruz St,Anaheim,CA,92805,Anaheim,ORANGE,CA,92805-0001,238220,29,Subchapter S Corporation,,Paid in Full,Live Oak Banking Company,278813.78,2020-12-15,24,,agree,1329600.00,verified_standard_2.5x,SBA-PPP-150K,105742,3760a581dc3fd7ca12d09996aa360d749e075bcac517e5a6f7e92ae447a1cb8c
6238497706,biz-021,1,PPP,2020-05-01,150873.00,150873.00,ALTAIR SOLAR INC.,15375 BARRANCA PKWY STE I104,IRVINE,CA,92618-2210,IRVINE,ORANGE,CA,92618-2210,238220,13,Corporation,,Paid in Full,"Bank of America, National Association",152030.38,2021-03-10,24,,agree,724190.40,verified_standard_2.5x,SBA-PPP-150K,164077,3760a581dc3fd7ca12d09996aa360d749e075bcac517e5a6f7e92ae447a1cb8c
3637518710,biz-022,2,PPS,2021-03-31,452652.00,452652.00,AMBIANCE HEATING AND AIR,3028 LA AVE E,ANAHEIM,CA,92806,ANAHEIM,ORANGE,CA,92806,238220,48,Subchapter S Corporation,,Paid in Full,"U.S. Bank, National Association",459592.66,2022-10-12,60,,agree,2172729.60,verified_standard_2.5x,SBA-PPP-150K,76248,3760a581dc3fd7ca12d09996aa360d749e075bcac517e5a6f7e92ae447a1cb8c
7304827702,biz-023,1,PPP,2020-05-01,530712.00,530712.00,"AMBIANCE HEATING &AMP; AIR, INC.",3028 LA AVE E,ANAHEIM,CA,92806,ANAHEIM,ORANGE,CA,92806-0100,238220,40,Subchapter S Corporation,,Paid in Full,"U.S. Bank, National Association",538687.42,2021-11-04,24,,agree,2547417.60,verified_standard_2.5x,SBA-PPP-150K,69033,3760a581dc3fd7ca12d09996aa360d749e075bcac517e5a6f7e92ae447a1cb8c
3976217701,biz-024,1,PPP,2020-05-01,262887.00,262887.00,AMERI-CAL REPIPE AND PLUMBING INC,6900 KNOTT AVE SUITE J,BUENA PARK,CA,90621,BUENA PARK,ORANGE,CA,90621-0001,238220,16,Corporation,,Paid in Full,"Wells Fargo Bank, National Association",,,24,,agree,1261857.60,verified_standard_2.5x,SBA-PPP-150K,109755,3760a581dc3fd7ca12d09996aa360d749e075bcac517e5a6f7e92ae447a1cb8c
3380818808,biz-024,2,PPS,2021-04-14,266742.00,266742.00,AMERI-CAL REPIPE AND PLUMBING INC,6900 Knott Ave Ste J,Buena Park,CA,90621-4648,Buena Park,ORANGE,CA,90621-4648,238220,32,Corporation,,Paid in Full,"Wells Fargo Bank, National Association",243488.31,2023-02-01,60,,agree,1280361.60,verified_standard_2.5x,SBA-PPP-150K,108715,3760a581dc3fd7ca12d09996aa360d749e075bcac517e5a6f7e92ae447a1cb8c
9250607001,biz-025,1,PPP,2020-04-09,1800000.00,1800000.00,"AMERICAN CONTRACTORS, INC.",404 BLUERIDGE AVE,ORANGE,CA,92865-4204,ORANGE,ORANGE,CA,92865-4204,238220,70,Corporation,,Paid in Full,American Business Bank,1819479.45,2021-05-21,24,,agree,8640000.00,verified_standard_2.5x,SBA-PPP-150K,41195,3760a581dc3fd7ca12d09996aa360d749e075bcac517e5a6f7e92ae447a1cb8c
9504359002,biz-026,2,PPS,2021-05-29,204900.00,204900.00,AMERICAN COOLING TOWER INC.,3130 W Harvard St,Santa Ana,CA,92704-3937,Santa Ana,ORANGE,CA,92704-3937,238220,15,Corporation,,Paid in Full,Royal Business Bank,206415.7,2022-03-01,60,,agree,983520.00,verified_standard_2.5x,SBA-PPP-150K,131950,3760a581dc3fd7ca12d09996aa360d749e075bcac517e5a6f7e92ae447a1cb8c
5528978305,biz-027,2,PPS,2021-01-25,226707.00,226707.00,ANAHEIM REFRIGERATION INC,3309 E Miraloma Ave Ste 101,Anaheim,CA,92806-1942,Anaheim,ORANGE,CA,92806-1942,238220,17,Corporation,,Paid in Full,Cross River Bank,228402.64,2021-11-10,60,,agree,1088193.60,verified_standard_2.5x,SBA-PPP-150K,122350,3760a581dc3fd7ca12d09996aa360d749e075bcac517e5a6f7e92ae447a1cb8c
3014487210,biz-028,1,PPP,2020-04-16,518542.00,97500.00,"APEX FIRE SYSTEMS, INC","2961 W MACARTHUR BLVD, SUITE 118",SANTA ANA,CA,92704,SANTA ANA,ORANGE,CA,92704-0001,238220,43,Corporation,,Paid in Full,US Bank National Association,523429.08,2021-04-26,24,,agree,,unknown: amount_changed_after_approval,SBA-PPP-150K,70030,3760a581dc3fd7ca12d09996aa360d749e075bcac517e5a6f7e92ae447a1cb8c
3980147402,biz-029,1,PPP,2020-05-08,233955.00,233955.00,APPLIED AIR CONDITIONING INC,4250 ARTESIA AVE,FULLERTON,CA,92833,FULLERTON,ORANGE,CA,92833-1200,238220,15,Corporation,,Paid in Full,"Wells Fargo Bank, National Association",237121.4,2021-09-15,24,,agree,1122984.00,verified_standard_2.5x,SBA-PPP-150K,119636,3760a581dc3fd7ca12d09996aa360d749e075bcac517e5a6f7e92ae447a1cb8c
6414658310,biz-030,2,PPS,2021-01-27,184555.00,184555.00,"AQUAKLEEN PRODUCTS,INC",1590 Metro Dr Ste 116SR,Costa Mesa,CA,92626-1458,Costa Mesa,ORANGE,CA,92626-1458,238220,10,Sole Proprietorship,,Paid in Full,City National Bank,186956.74,2022-05-19,60,,agree,,unknown: self_employed_or_untyped_borrower,SBA-PPP-150K,142629,3760a581dc3fd7ca12d09996aa360d749e075bcac517e5a6f7e92ae447a1cb8c
8533587308,biz-031,1,PPP,2020-05-01,389837.00,389837.00,ASSOCIATED HEATING AND AIR INC.,1320  N. Hancock St.,Anaheim,CA,92807,Anaheim,ORANGE,CA,92807-1000,238220,31,Corporation,,Paid in Full,Customers Bank,395860.78,2021-11-17,24,,agree,1871217.60,verified_standard_2.5x,SBA-PPP-150K,84042,3760a581dc3fd7ca12d09996aa360d749e075bcac517e5a6f7e92ae447a1cb8c
7110868810,biz-031,2,PPS,2021-04-21,389837.00,389837.00,ASSOCIATED HEATING AND AIR INC.,1320 North Hancock Streetnull 1320 North Hancock Streetnull,Anaheim,CA,92807,Anaheim,ORANGE,CA,92807,238220,26,Corporation,,Paid in Full,"Readycap Lending, LLC",392133.3,2021-11-26,60,,agree,1871217.60,verified_standard_2.5x,SBA-PPP-150K,84041,3760a581dc3fd7ca12d09996aa360d749e075bcac517e5a6f7e92ae447a1cb8c
5533597100,biz-032,1,PPP,2020-04-13,2049959.00,2049959.00,AUTOMATIC FIRE SPRINKLERS INC,7272 Mars Dr,Huntington Beach,CA,92647-4428,Huntington Beach,ORANGE,CA,92647-4428,238220,150,Corporation,,Paid in Full,US Bank National Association,1215746.93,2021-08-20,24,,agree,9839803.20,verified_standard_2.5x,SBA-PPP-150K,38936,3760a581dc3fd7ca12d09996aa360d749e075bcac517e5a6f7e92ae447a1cb8c
5257397102,biz-033,1,PPP,2020-04-13,367200.00,367200.00,BARKER AND SONS PLUMBING INC,1827 N Case st,ORANGE,CA,92865-4234,ORANGE,ORANGE,CA,92865-4234,238220,30,Corporation,,Paid in Full,"Citibank, N.A.",372402,2021-09-20,24,,agree,1762560.00,verified_standard_2.5x,SBA-PPP-150K,87382,3760a581dc3fd7ca12d09996aa360d749e075bcac517e5a6f7e92ae447a1cb8c
3888548506,biz-034,2,PPS,2021-02-24,276225.00,276225.00,BARNES SOLAR INC,29422 Ana Maria Ln,Laguna Niguel,CA,92677-1736,Laguna Niguel,ORANGE,CA,92677-1736,238220,17,Subchapter S Corporation,,Paid in Full,"JPMorgan Chase Bank, National Association",277894.32,2021-10-06,60,,agree,1325880.00,verified_standard_2.5x,SBA-PPP-150K,105923,3760a581dc3fd7ca12d09996aa360d749e075bcac517e5a6f7e92ae447a1cb8c
8597977110,biz-035,1,PPP,2020-04-15,311985.00,311985.00,BARNES SOLAR INC,23201 ORANGE AVE,LAKE FOREST,CA,92630,LAKE FOREST,ORANGE,CA,92630-1300,238220,25,Subchapter S Corporation,,Paid in Full,"JPMorgan Chase Bank, National Association",315526.55,2021-06-08,24,,agree,1497528.00,verified_standard_2.5x,SBA-PPP-150K,97512,3760a581dc3fd7ca12d09996aa360d749e075bcac517e5a6f7e92ae447a1cb8c
1740308302,biz-036,2,PPS,2021-01-19,156215.00,156215.00,"BEC ELECTRIC, INC",245,BREA,CA,92821,BREA,ORANGE,CA,92821,238220,10,Corporation,,Paid in Full,Itria Ventures LLC,157664.33,2022-01-06,60,,agree,749832.00,verified_standard_2.5x,SBA-PPP-150K,160421,3760a581dc3fd7ca12d09996aa360d749e075bcac517e5a6f7e92ae447a1cb8c
7153827007,biz-037,1,PPP,2020-04-07,202200.00,202200.00,"BEEBE ENTERPRISES, LLC","9891 Irvine Center Dr., Ste 200",IRVINE,CA,92618-4307,IRVINE,ORANGE,CA,92618-4307,238220,18,Limited  Liability Company(LLC),,Paid in Full,City State Bank,204138.9,2021-03-31,24,,agree,970560.00,verified_standard_2.5x,SBA-PPP-150K,133189,3760a581dc3fd7ca12d09996aa360d749e075bcac517e5a6f7e92ae447a1cb8c
5304637106,biz-038,1,PPP,2020-04-13,502400.00,502400.00,"BENNETT'S PLUMBING, INC.",3030 South Fairview B,SANTA ANA,CA,92704,SANTA ANA,ORANGE,CA,92704-0001,238220,35,Corporation,,Paid in Full,"Citibank, N.A.",505637.69,2020-12-10,24,,agree,2411520.00,verified_standard_2.5x,SBA-PPP-150K,71353,3760a581dc3fd7ca12d09996aa360d749e075bcac517e5a6f7e92ae447a1cb8c
4111048308,biz-038,2,PPS,2021-01-22,502400.00,502400.00,BENNETT'S PLUMBING INC.,3030 S Fairview St Ste B,Santa Ana,CA,92704-6583,Santa Ana,ORANGE,CA,92704-6583,238220,35,Corporation,,Paid in Full,"Citibank, N.A.",508693.96,2022-04-28,60,,agree,2411520.00,verified_standard_2.5x,SBA-PPP-150K,71351,3760a581dc3fd7ca12d09996aa360d749e075bcac517e5a6f7e92ae447a1cb8c
4457517003,biz-039,1,PPP,2020-04-03,985400.00,985400.00,BENRICH SERVICE COMPANY INC.,3190 AIRPORT LOOP DR SUITE G,COSTA MESA,CA,92626-3403,COSTA MESA,ORANGE,CA,92626-3403,238220,88,Corporation,,Paid in Full,Commercial Bank of California,996225.9,2021-06-03,24,,agree,4729920.00,verified_standard_2.5x,SBA-PPP-150K,50375,3760a581dc3fd7ca12d09996aa360d749e075bcac517e5a6f7e92ae447a1cb8c
1823837405,biz-040,1,PPP,2020-05-05,208651.00,208651.00,BIARD AND CROCKETT PLUMBING SERVICE INC,320 E KATELLA AVENUE UNIT P,ORANGE,CA,92867,ORANGE,ORANGE,CA,92867-1500,238220,14,Corporation,,Paid in Full,"Wells Fargo Bank, National Association",210731.79,2021-05-06,24,,agree,1001524.80,verified_standard_2.5x,SBA-PPP-150K,130150,3760a581dc3fd7ca12d09996aa360d749e075bcac517e5a6f7e92ae447a1cb8c
5399617701,biz-041,1,PPP,2020-05-01,538930.00,538930.00,BLAINE ENTERPRISES INC,1340 N HANCOCK ST,ANAHEIM,CA,92807-1903,ANAHEIM,ORANGE,CA,92807-1903,238220,49,Corporation,,Paid in Full,"Bank of America, National Association",544747.49,2021-06-04,24,,agree,2586864.00,verified_standard_2.5x,SBA-PPP-150K,68402,3760a581dc3fd7ca12d09996aa360d749e075bcac517e5a6f7e92ae447a1cb8c
4990697303,biz-042,1,PPP,2020-04-30,538000.00,697400.00,"BLAKE AIR CONDITIONING & SERVICE CO., INC.",1175 N. OSPREY CIR,ANAHEIM,CA,92807-1709,ANAHEIM,ORANGE,CA,92807-1709,238220,37,Corporation,,Paid in Full,Citizens Business Bank,542716.71,2021-03-31,24,,agree,,unknown: amount_changed_after_approval,SBA-PPP-150K,68467,3760a581dc3fd7ca12d09996aa360d749e075bcac517e5a6f7e92ae447a1cb8c
1588537310,biz-043,1,PPP,2020-04-28,424012.00,424012.00,BLUON INC,18 BUNSEN ST,IRVINE,CA,92618,IRVINE,ORANGE,CA,92618-0002,238220,28,Corporation,,Paid in Full,Signature Bank,428925.89,2021-07-02,24,,agree,2035257.60,verified_standard_2.5x,SBA-PPP-150K,79521,3760a581dc3fd7ca12d09996aa360d749e075bcac517e5a6f7e92ae447a1cb8c
9783847006,biz-044,1,PPP,2020-04-09,685400.00,685400.00,"BOTTOM LINE UTILITY SOLUTIONS, INC.",23015 Del Lago Drive Suite D2,Laguna Hills,CA,92653-1303,Laguna Hills,ORANGE,CA,92653-1303,238220,60,Corporation,,Paid in Full,Banc of California,689164.79,2021-02-16,24,,agree,3289920.00,verified_standard_2.5x,SBA-PPP-150K,59938,3760a581dc3fd7ca12d09996aa360d749e075bcac517e5a6f7e92ae447a1cb8c
2103568301,biz-044,2,PPS,2021-01-20,685400.00,685400.00,BOTTOM LINE UTILITY SOLUTIONS INC,23015 Del Lago Dr Ste D2,Laguna Hills,CA,92653-1321,Laguna Hills,ORANGE,CA,92653-1321,238220,50,Corporation,,Paid in Full,Banc of California,689531.18,2021-09-07,60,,agree,3289920.00,verified_standard_2.5x,SBA-PPP-150K,59934,3760a581dc3fd7ca12d09996aa360d749e075bcac517e5a6f7e92ae447a1cb8c
9615107106,biz-045,1,PPP,2020-04-15,181240.00,181240.00,"BRADLEY MECHANICAL, INC.",10625 LAWSON RIVER AVE,FOUNTAIN VALLEY,CA,92708,FOUNTAIN VALLEY,ORANGE,CA,92708-1001,238220,13,Corporation,,Paid in Full,US Bank National Association,183772.39,2021-09-16,24,,agree,869952.00,verified_standard_2.5x,SBA-PPP-150K,144408,3760a581dc3fd7ca12d09996aa360d749e075bcac517e5a6f7e92ae447a1cb8c
1166217308,biz-046,1,PPP,2020-04-28,209500.00,209500.00,"BREA/ORANGE COUNTY PLUMBING, HEATING & AIR CONDITIONING, INC",420 WEST LAMBERT ROAD,BREA,CA,92821,BREA,ORANGE,CA,92821-0002,238220,14,Corporation,,Paid in Full,Farmers & Merchants Bank of Long Beach,211767.19,2021-06-04,24,,agree,1005600.00,verified_standard_2.5x,SBA-PPP-150K,129741,3760a581dc3fd7ca12d09996aa360d749e075bcac517e5a6f7e92ae447a1cb8c
4760257305,biz-047,1,PPP,2020-04-30,612100.00,612100.00,"BRYMAX CONSTRUCTION SERVICES, INC.",7436 LORGE CIR,HUNTINGTON BEACH,CA,92647-3619,HUNTINGTON BEACH,ORANGE,CA,92647-3619,238220,25,Subchapter S Corporation,,Paid in Full,Umpqua Bank,618371.93,2021-05-21,24,,agree,2938080.00,verified_standard_2.5x,SBA-PPP-150K,63738,3760a581dc3fd7ca12d09996aa360d749e075bcac517e5a6f7e92ae447a1cb8c
7950707706,biz-048,1,PPP,2020-05-01,2398400.00,2398400.00,C &AMP; L REFRIGERATION CORPORATION,4111 N. Palm Street,Fullerton,CA,92835,Fullerton,ORANGE,CA,92835-1000,238220,154,Corporation,,Paid in Full,"Zions Bank, A Division of",2424815.25,2021-06-11,60,,agree,11512320.00,verified_standard_2.5x,SBA-PPP-150K,38164,3760a581dc3fd7ca12d09996aa360d749e075bcac517e5a6f7e92ae447a1cb8c
7393987901,biz-049,1,PPP,2020-06-17,252400.00,252400.00,"C & L REFRIGERATION NEVADA,  LLC",4111 N. Palm Street,Fullerton,CA,92835-1025,Fullerton,ORANGE,CA,92835-1025,238220,14,Limited  Liability Company(LLC),,Paid in Full,"Zions Bank, A Division of",254868.68,2021-06-11,60,,agree,1211520.00,verified_standard_2.5x,SBA-PPP-150K,112859,3760a581dc3fd7ca12d09996aa360d749e075bcac517e5a6f7e92ae447a1cb8c
7389727705,biz-050,1,PPP,2020-05-01,192886.00,192886.00,"CALIFORNIA COAST PLUMBERS,INC.",4075 LA AVE E,ANAHEIM,CA,92807,ANAHEIM,ORANGE,CA,92807-1000,238220,14,Corporation,,Paid in Full,"U.S. Bank, National Association",194696.99,2021-04-08,24,,agree,925852.80,verified_standard_2.5x,SBA-PPP-150K,138083,3760a581dc3fd7ca12d09996aa360d749e075bcac517e5a6f7e92ae447a1cb8c
7923427100,biz-051,1,PPP,2020-04-14,283800.00,283800.00,"CALIFORNIA ROOTER & PLUMBING, INC.",1905 E. Deere Ave.,Santa Ana,CA,92705-5722,Santa Ana,ORANGE,CA,92705-5722,238220,17,Corporation,,Paid in Full,Sunwest Bank,286707.98,2021-05-05,24,,agree,1362240.00,verified_standard_2.5x,SBA-PPP-150K,104054,3760a581dc3fd7ca12d09996aa360d749e075bcac517e5a6f7e92ae447a1cb8c
3882987109,biz-052,1,PPP,2020-04-12,267100.00,267100.00,"COAST PLUMBING, HEATING & AIR, INC.",17390 MOUNT CLIFFWOOD CIR,FOUNTAIN VALLEY,CA,92708-4101,FOUNTAIN VALLEY,ORANGE,CA,92708-4101,238220,18,Corporation,,Exemption 4,United Business Bank,206318.14,2021-04-22,59,,agree,1282080.00,verified_standard_2.5x,SBA-PPP-150K,108621,3760a581dc3fd7ca12d09996aa360d749e075bcac517e5a6f7e92ae447a1cb8c
4536317708,biz-053,1,PPP,2020-05-01,153781.00,153781.00,COMPETITIVE PIPELINE INC,11 HAWTHORNE LANE,COTO DE CAZA,CA,92679,COTO DE CAZA,ORANGE,CA,92679-1000,238220,13,Corporation,,Paid in Full,"Wells Fargo Bank, National Association",155221.91,2021-04-14,24,,agree,738148.80,verified_standard_2.5x,SBA-PPP-150K,162153,3760a581dc3fd7ca12d09996aa360d749e075bcac517e5a6f7e92ae447a1cb8c
5151058506,biz-054,1,PPP,2021-02-27,150000.00,150000.00,COMPLETE THERMAL SERVICES,11570 Seaboard Cir,Stanton,CA,90680-3407,Stanton,ORANGE,CA,90680-3407,238220,12,Corporation,,Paid in Full,"Wells Fargo Bank, National Association",150764.38,2021-09-07,60,,agree,720000.00,verified_standard_2.5x,SBA-PPP-150K,165246,3760a581dc3fd7ca12d09996aa360d749e075bcac517e5a6f7e92ae447a1cb8c
4992207703,biz-055,1,PPP,2020-05-01,395835.00,395835.00,"CONTEMPORARY HEATING &AMP; AIR CONDITIONING, INC.",1750 E MIRALOMA AVE,PLACENTIA,CA,92870-6789,PLACENTIA,ORANGE,CA,92870-6789,238220,28,Corporation,,Paid in Full,"Bank of America, National Association",398405.22,2020-12-31,24,,agree,1900008.00,verified_standard_2.5x,SBA-PPP-150K,83206,3760a581dc3fd7ca12d09996aa360d749e075bcac517e5a6f7e92ae447a1cb8c
7022297700,biz-056,1,PPP,2020-05-01,171400.00,171400.00,"CONTROL KOMFORT SYSTEMS, INC.",6840 Orangethorpe Ave. Suite H,Buena Park,CA,90620,Buena Park,ORANGE,CA,90620-1001,238220,13,Subchapter S Corporation,,Paid in Full,"Citibank, N.A.",172956.88,2021-04-01,24,,agree,822720.00,verified_standard_2.5x,SBA-PPP-150K,150427,3760a581dc3fd7ca12d09996aa360d749e075bcac517e5a6f7e92ae447a1cb8c
5902988505,biz-056,2,PPS,2021-03-02,171400.00,171400.00,CONTROL KOMFORT SYSTEMS INC.,6840 Orangethorpe Ave Ste H,Buena Park,CA,90620-1368,Buena Park,ORANGE,CA,90620-1368,238220,13,Subchapter S Corporation,,Paid in Full,"Citibank, N.A.",173761.51,2022-07-21,60,,agree,822720.00,verified_standard_2.5x,SBA-PPP-150K,150425,3760a581dc3fd7ca12d09996aa360d749e075bcac517e5a6f7e92ae447a1cb8c
6832057107,biz-057,1,PPP,2020-04-14,585183.00,585183.00,COUNTY HEATING & AIR CONDITIONING INC,1948 COLLINS AVE W,ORANGE,CA,92867,ORANGE,ORANGE,CA,92867-1500,238220,35,Corporation,,Paid in Full,"U.S. Bank, National Association",591652.52,2021-05-20,24,,agree,2808878.40,verified_standard_2.5x,SBA-PPP-150K,65393,3760a581dc3fd7ca12d09996aa360d749e075bcac517e5a6f7e92ae447a1cb8c
9951847202,biz-058,1,PPP,2020-04-28,385100.00,385100.00,CRANDALL'S PLUMBING INC.,18291 GOTHARD ST,HUNTINGTON BEACH,CA,92648-1202,HUNTINGTON BEACH,ORANGE,CA,92648-1202,238220,27,Corporation,,Paid in Full,Sunwest Bank,353768.5,2021-04-15,24,,agree,1848480.00,verified_standard_2.5x,SBA-PPP-150K,84663,3760a581dc3fd7ca12d09996aa360d749e075bcac517e5a6f7e92ae447a1cb8c
3158058303,biz-058,2,PPS,2021-01-21,400000.00,400000.00,CRANDALLS PLUMBING INC.,18291 Gothard St Ste 102,Huntington Beach,CA,92648-1202,Huntington Beach,ORANGE,CA,92648-1202,238220,30,Corporation,,Paid in Full,Sunwest Bank,404153.42,2022-02-09,60,,agree,1920000.00,verified_standard_2.5x,SBA-PPP-150K,82591,3760a581dc3fd7ca12d09996aa360d749e075bcac517e5a6f7e92ae447a1cb8c
9417347107,biz-059,1,PPP,2020-04-15,330000.00,330000.00,"CREATIVE DESIGN PLUMBING, INC.",17271 ARGO CIR,HUNTINGTON BEACH,CA,92647,HUNTINGTON BEACH,ORANGE,CA,92647-0001,238220,26,Subchapter S Corporation,,Paid in Full,"Zions Bank, A Division of",331808.22,2020-11-03,60,,agree,1584000.00,verified_standard_2.5x,SBA-PPP-150K,93755,3760a581dc3fd7ca12d09996aa360d749e075bcac517e5a6f7e92ae447a1cb8c
8506167109,biz-060,1,PPP,2020-04-15,1604700.00,1604700.00,"CRITCHFIELD MECHANICAL, INC. OF SOUTHERN CALIFORNIA",15391 Springdale Street,HUNTINGTON BEACH,CA,92649,HUNTINGTON BEACH,ORANGE,CA,92649-1000,238220,112,Corporation,,Paid in Full,"SVB, A Division of First-Citizens Bank and Trust Company",1613492.88,2020-11-12,24,,agree,7702560.00,verified_standard_2.5x,SBA-PPP-150K,42445,3760a581dc3fd7ca12d09996aa360d749e075bcac517e5a6f7e92ae447a1cb8c
3513958406,biz-060,2,PPS,2021-02-05,2000000.00,2000000.00,CRITCHFIELD MECHANICAL INC. OF SOUTHERN CALIFORNIA,15391 Springdale St,Huntington Beach,CA,92649-1100,Huntington Beach,ORANGE,CA,92649-1100,238220,86,Corporation,,Paid in Full,"SVB, A Division of First-Citizens Bank and Trust Company",2017055.56,2021-12-14,60,,agree,,unknown: at_program_loan_cap,SBA-PPP-150K,39373,3760a581dc3fd7ca12d09996aa360d749e075bcac517e5a6f7e92ae447a1cb8c
4307998400,biz-061,2,PPS,2021-02-06,368895.00,368895.00,DEPENDABLE GRAHAM AIR CONDITIONING INC,2952 Century Pl,Costa Mesa,CA,92626-4324,Costa Mesa,ORANGE,CA,92626-4324,238220,20,Corporation,,Paid in Full,"Wells Fargo Bank, National Association",372917.47,2022-03-15,60,,agree,1770696.00,verified_standard_2.5x,SBA-PPP-150K,87094,3760a581dc3fd7ca12d09996aa360d749e075bcac517e5a6f7e92ae447a1cb8c
9376128306,biz-062,2,PPS,2021-01-30,696780.00,696780.00,DIMAR ENTERPRISES INC,26021 Pala Ste 150,San Juan Capistrano,CA,92691-2718,San Juan Capistrano,ORANGE,CA,92691-2718,238220,45,Corporation,,Paid in Full,Farmers & Merchants Bank of Long Beach,699490.76,2021-06-28,60,,agree,3344544.00,verified_standard_2.5x,SBA-PPP-150K,59452,3760a581dc3fd7ca12d09996aa360d749e075bcac517e5a6f7e92ae447a1cb8c
6385727300,biz-063,1,PPP,2020-04-30,251583.00,251583.00,"DOHENY PLUMBING, INC",1210 Puerta Del Sol,San Clemente,CA,92673,San Clemente,ORANGE,CA,92673-0010,238220,14,Subchapter S Corporation,,Paid in Full,BMO Bank National Association,253882.19,2021-04-08,24,,agree,1207598.40,verified_standard_2.5x,SBA-PPP-150K,113079,3760a581dc3fd7ca12d09996aa360d749e075bcac517e5a6f7e92ae447a1cb8c
2451048501,biz-063,2,PPS,2021-02-20,243875.00,243875.00,DOHENY PLUMBING INC,1210 Puerta del Sol,San Clemente,CA,92673-6310,San Clemente,ORANGE,CA,92673-6310,238220,14,Subchapter S Corporation,,Paid in Full,BMO Bank National Association,244897.92,2021-07-26,60,,agree,1170600.00,verified_standard_2.5x,SBA-PPP-150K,116079,3760a581dc3fd7ca12d09996aa360d749e075bcac517e5a6f7e92ae447a1cb8c
3694757102,biz-064,1,PPP,2020-04-12,242410.00,242410.00,DONE-RITE PLUMBING AND ROOTER,1140 N Kraemer Blvd Unit D,SANTA ANA,CA,92706-1919,SANTA ANA,ORANGE,CA,92706-1919,238220,8,Subchapter S Corporation,,Paid in Full,Idaho First Bank,245053.27,2021-05-21,24,,agree,1163568.00,verified_standard_2.5x,SBA-PPP-150K,116580,3760a581dc3fd7ca12d09996aa360d749e075bcac517e5a6f7e92ae447a1cb8c
6774917204,biz-065,1,PPP,2020-04-28,216700.00,216700.00,DYMEK'S FREEDOM PLUMBING INC.,2921 E MIRALOMA AVE #17,ANAHEIM,CA,92806-1839,ANAHEIM,ORANGE,CA,92806-1839,238220,19,Corporation,,Paid in Full,First Foundation Bank,218457.35,2021-02-25,24,,agree,1040160.00,verified_standard_2.5x,SBA-PPP-150K,126531,3760a581dc3fd7ca12d09996aa360d749e075bcac517e5a6f7e92ae447a1cb8c
7722347104,biz-066,1,PPP,2020-04-14,251300.00,251300.00,"DYNAMIC AIR SERVICES, INC.",25652 Commercentre Dr,Lake Forest,CA,92630,Lake Forest,ORANGE,CA,92630-1300,238220,20,Corporation,,Paid in Full,Live Oak Banking Company,253241.55,2021-01-28,24,,agree,1206240.00,verified_standard_2.5x,SBA-PPP-150K,113165,3760a581dc3fd7ca12d09996aa360d749e075bcac517e5a6f7e92ae447a1cb8c
7923657709,biz-067,1,PPP,2020-05-01,192800.00,192800.00,E &AMP; M MECHANICAL INC,"12 Hammond Ave., #200",Irvine,CA,92618,Irvine,ORANGE,CA,92618-0002,238220,17,Subchapter S Corporation,,Paid in Full,"Zions Bank, A Division of",1428.61,2024-02-22,40,,agree,925440.00,verified_standard_2.5x,SBA-PPP-150K,138125,3760a581dc3fd7ca12d09996aa360d749e075bcac517e5a6f7e92ae447a1cb8c
5921688406,biz-068,2,PPS,2021-02-09,193032.00,193032.00,E & M MECHANICAL INC,12 Hammond Ste 200,Irvine,CA,92618-1641,Irvine,ORANGE,CA,92618-1641,238220,11,Subchapter S Corporation,,Paid in Full,"Zions Bank, A Division of",,,41,,agree,926553.60,verified_standard_2.5x,SBA-PPP-150K,137983,3760a581dc3fd7ca12d09996aa360d749e075bcac517e5a6f7e92ae447a1cb8c
4774727708,biz-069,1,PPP,2020-05-01,174647.00,174647.00,ELITE PLUMBING INC,1329 EAST SAINT GERTRUDE PL,SANTA ANA,CA,92705,SANTA ANA,ORANGE,CA,92705-1000,238220,16,Corporation,,Paid in Full,"Wells Fargo Bank, National Association",176450.89,2021-06-02,24,,agree,838305.60,verified_standard_2.5x,SBA-PPP-150K,148513,3760a581dc3fd7ca12d09996aa360d749e075bcac517e5a6f7e92ae447a1cb8c
5495187703,biz-070,1,PPP,2020-05-01,695790.00,695790.00,ENVIRONMENT CONTROL PUENTE HILLS INC,570 W LAMBERT RD STE A,BREA,CA,92821-3912,BREA,ORANGE,CA,92821-3912,238220,165,Corporation,,Paid in Full,"Bank of America, National Association",701146.63,2021-02-11,24,,agree,3339792.00,verified_standard_2.5x,SBA-PPP-150K,59496,3760a581dc3fd7ca12d09996aa360d749e075bcac517e5a6f7e92ae447a1cb8c
5926067705,biz-071,1,PPP,2020-05-01,223981.00,223981.00,"FAMILY PLUMBER, INC., THE",3613 BRIGGEMAN DR,LOS ALAMITOS,CA,90720-2475,LOS ALAMITOS,ORANGE,CA,90720-2475,238220,13,Corporation,,Paid in Full,"Bank of America, National Association",191226.25,2021-10-07,24,,agree,1075108.80,verified_standard_2.5x,SBA-PPP-150K,123577,3760a581dc3fd7ca12d09996aa360d749e075bcac517e5a6f7e92ae447a1cb8c
2883177110,biz-072,1,PPP,2020-04-11,621737.00,854420.00,FIRE SERVICE CORP,25132 Tasman Rd,LAGUNA HILLS,CA,92653-5035,LAGUNA HILLS,ORANGE,CA,92653-5035,238220,82,Subchapter S Corporation,,Paid in Full,Pacific Premier Bank,629913.27,2021-08-12,24,,agree,,unknown: amount_changed_after_approval,SBA-PPP-150K,63195,3760a581dc3fd7ca12d09996aa360d749e075bcac517e5a6f7e92ae447a1cb8c
7247118504,biz-072,2,PPS,2021-03-05,208891.00,208891.00,FIRE SERVICE CORP,25132 Tasman Rd,Laguna Hills,CA,92653-5035,Laguna Hills,ORANGE,CA,92653-5035,238220,32,Subchapter S Corporation,,Paid in Full,"Harvest Small Business Finance, LLC",209903.98,2021-09-09,60,,agree,1002676.80,verified_standard_2.5x,SBA-PPP-150K,130041,3760a581dc3fd7ca12d09996aa360d749e075bcac517e5a6f7e92ae447a1cb8c
4007647108,biz-073,1,PPP,2020-04-12,619037.00,619037.00,FM THOMAS AIR CONDITIONING INC,231 GEMINI AVE,BREA,CA,92821-3704,BREA,ORANGE,CA,92821-3704,238220,26,Corporation,,Paid in Full,Pacific Premier Bank,624481.13,2021-03-05,24,,agree,2971377.60,verified_standard_2.5x,SBA-PPP-150K,63340,3760a581dc3fd7ca12d09996aa360d749e075bcac517e5a6f7e92ae447a1cb8c
2532038402,biz-073,2,PPS,2021-02-03,541665.00,541665.00,FM THOMAS AIR CONDITIONING INC,231 Gemini Ave,Brea,CA,92821-3704,Brea,ORANGE,CA,92821-3704,238220,26,Corporation,,Paid in Full,Northeast Bank,545686.68,2021-11-10,60,,agree,2599992.00,verified_standard_2.5x,SBA-PPP-150K,68199,3760a581dc3fd7ca12d09996aa360d749e075bcac517e5a6f7e92ae447a1cb8c
6032017707,biz-074,1,PPP,2020-05-01,169830.00,169830.00,"FOUR SEASONS AIR, INC.",8585 KATELLA AVE,STANTON,CA,90680-2725,STANTON,ORANGE,CA,90680-2725,238220,29,Corporation,,Paid in Full,"Bank of America, National Association",171858.65,2021-07-15,24,,agree,815184.00,verified_standard_2.5x,SBA-PPP-150K,151449,3760a581dc3fd7ca12d09996aa360d749e075bcac517e5a6f7e92ae447a1cb8c
4426107006,biz-075,1,PPP,2020-04-03,2425400.00,2425400.00,GENERAL UNDERGROUND FIRE PROTE,701 W. GROVE AVE,ORANGE,CA,92865-3213,ORANGE,ORANGE,CA,92865-3213,238220,189,Corporation,,Paid in Full,Commercial Bank of California,2453042.92,2021-06-04,24,,agree,11641920.00,verified_standard_2.5x,SBA-PPP-150K,38111,3760a581dc3fd7ca12d09996aa360d749e075bcac517e5a6f7e92ae447a1cb8c
1872567708,biz-076,1,PPP,2020-05-01,224697.00,224697.00,"GIGAWATT, INC.",1630 S SUNKIST ST STE E,ANAHEIM,CA,92806,ANAHEIM,ORANGE,CA,92806-0100,238220,15,Corporation,,Paid in Full,"JPMorgan Chase Bank, National Association",226954.08,2021-05-06,24,,agree,1078545.60,verified_standard_2.5x,SBA-PPP-150K,123292,3760a581dc3fd7ca12d09996aa360d749e075bcac517e5a6f7e92ae447a1cb8c
7144657307,biz-077,1,PPP,2020-04-30,150980.00,160980.00,GUARANTEED QUALITY RESTORATION INC,15560 ROCKFIELD BLVD STE B100,IRVINE,CA,92618,IRVINE,ORANGE,CA,92618-0002,238220,4,Corporation,,Paid in Full,"JPMorgan Chase Bank, National Association",144002.59,2022-10-12,15,,agree,,unknown: amount_changed_after_approval,SBA-PPP-150K,164013,3760a581dc3fd7ca12d09996aa360d749e075bcac517e5a6f7e92ae447a1cb8c
4984847402,biz-078,1,PPP,2020-05-11,208782.00,229399.00,"HARBOR POINTE AIR CONDITIONING & CONTROL SYSTEMS, INC.",720 S. RICHFIELD RD.,PLACENTIA,CA,92870-6760,PLACENTIA,ORANGE,CA,92870-6760,238220,14,Corporation,,Paid in Full,"BSD Capital, LLC dba Lendistry",210435.1,2021-03-05,24,,agree,,unknown: amount_changed_after_approval,SBA-PPP-150K,130090,3760a581dc3fd7ca12d09996aa360d749e075bcac517e5a6f7e92ae447a1cb8c
2601737202,biz-079,1,PPP,2020-04-16,249992.00,249992.00,"HOOD PACIFIC CONTRACTORS, INC. DBA PLUMBING MECHANICAL CONTR",3002 DOW AVE STE 304,TUSTIN,CA,92780,TUSTIN,ORANGE,CA,92780-0300,238220,34,Subchapter S Corporation,,Paid in Full,"JPMorgan Chase Bank, National Association",251822.64,2021-01-12,24,,agree,1199961.60,verified_standard_2.5x,SBA-PPP-150K,114093,3760a581dc3fd7ca12d09996aa360d749e075bcac517e5a6f7e92ae447a1cb8c
7885868402,biz-079,2,PPS,2021-02-12,354670.00,354670.00,HOOD PACIFIC CONTRACTORS INC.,3002 Dow Ave Ste 304,Tustin,CA,92780-7234,Tustin,ORANGE,CA,92780-7234,238220,37,Subchapter S Corporation,,Paid in Full,"JPMorgan Chase Bank, National Association",356784.42,2021-09-24,60,,agree,1702416.00,verified_standard_2.5x,SBA-PPP-150K,89349,3760a581dc3fd7ca12d09996aa360d749e075bcac517e5a6f7e92ae447a1cb8c
4761898100,biz-080,1,PPP,2020-07-17,399000.00,399000.00,"IRVINE VALLEY AIR CONDITIONING, INC.",2961 E. CORONADO ST,ANAHEIM,CA,92806-2502,ANAHEIM,ORANGE,CA,92806-2502,238220,30,Corporation,,Paid in Full,United Business Bank,405766.6,2022-04-04,60,,agree,1915200.00,verified_standard_2.5x,SBA-PPP-150K,82809,3760a581dc3fd7ca12d09996aa360d749e075bcac517e5a6f7e92ae447a1cb8c
3697887210,biz-081,1,PPP,2020-04-27,164500.00,164500.00,"J MARTIN INDOOR AIR QUALITY, LLC",22343 LA PALMA AVENUE SUITE 115,YORBA LINDA,CA,92887,YORBA LINDA,ORANGE,CA,92887-1200,238220,9,Limited  Liability Company(LLC),,Paid in Full,Banc of California,166149.51,2021-05-03,24,,agree,789600.00,verified_standard_2.5x,SBA-PPP-150K,154832,3760a581dc3fd7ca12d09996aa360d749e075bcac517e5a6f7e92ae447a1cb8c
5685007108,biz-082,1,PPP,2020-04-13,171820.00,171820.00,"JACOT PLUMBING, INC.",11661 SALINAZ AVE,GARDEN GROVE,CA,92843-3704,GARDEN GROVE,ORANGE,CA,92843-3704,238220,13,Corporation,,Paid in Full,Farmers & Merchants Bank of Long Beach,172813.26,2020-11-19,24,,agree,824736.00,verified_standard_2.5x,SBA-PPP-150K,150155,3760a581dc3fd7ca12d09996aa360d749e075bcac517e5a6f7e92ae447a1cb8c
4142557206,biz-083,1,PPP,2020-04-27,202500.00,202500.00,"JHL ENTERPRISES, INC.",27176 Burbank,Foothill Ranch,CA,92610-2503,Foothill Ranch,ORANGE,CA,92610-2503,238220,15,Corporation,,Paid in Full,CommerceWest Bank,203861.25,2020-12-30,24,,agree,972000.00,verified_standard_2.5x,SBA-PPP-150K,133039,3760a581dc3fd7ca12d09996aa360d749e075bcac517e5a6f7e92ae447a1cb8c
1435658001,biz-084,1,PPP,2020-06-22,225000.00,225000.00,JIMMY ROWELL,216 N Randolph Ave,Brea,CA,92821-5036,Brea,ORANGE,CA,92821-5036,238220,13,Sole Proprietorship,,Charged Off,"Newtek Small Business Finance, Inc.",,,28,,agree,,unknown: self_employed_or_untyped_borrower,SBA-PPP-150K,122975,3760a581dc3fd7ca12d09996aa360d749e075bcac517e5a6f7e92ae447a1cb8c
6274037400,biz-085,1,PPP,2020-05-14,475767.00,475767.00,"JOHN FLYNN ORANGE COAST PLUMBING, INC.",1506 North Clinton,SANTA ANA,CA,92703-1409,SANTA ANA,ORANGE,CA,92703-1409,238220,41,Subchapter S Corporation,,Paid in Full,Commercial Bank of California,478569.46,2020-12-17,24,,agree,2283681.60,verified_standard_2.5x,SBA-PPP-150K,73939,3760a581dc3fd7ca12d09996aa360d749e075bcac517e5a6f7e92ae447a1cb8c
2499807104,biz-086,1,PPP,2020-04-10,1643600.00,1643600.00,"JOHNSON DIVERSIFIED, INC.",29802 Avenida de las Banderas,Rancho Santa Margarita,CA,92688-2648,Rancho Santa Margarita,ORANGE,CA,92688-2648,238220,147,Corporation,,Paid in Full,Banc of California,1652515.97,2020-11-03,24,,agree,7889280.00,verified_standard_2.5x,SBA-PPP-150K,42154,3760a581dc3fd7ca12d09996aa360d749e075bcac517e5a6f7e92ae447a1cb8c
2130218307,biz-086,2,PPS,2021-01-20,1651500.00,1651500.00,JOHNSON DIVERSIFIED INC.,29802 Avenida de las Bandera,Rancho Santa Margarita,CA,92688-2648,Rancho Santa Margarita,ORANGE,CA,92688-2648,238220,86,Corporation,,Paid in Full,Banc of California,1661409,2021-09-02,60,,agree,7927200.00,verified_standard_2.5x,SBA-PPP-150K,42088,3760a581dc3fd7ca12d09996aa360d749e075bcac517e5a6f7e92ae447a1cb8c
2520317301,biz-087,1,PPP,2020-04-29,175000.00,175000.00,JUSTINTIME PLUMBING INC,331 West Bay St,costa mesa,CA,92627-2019,costa mesa,ORANGE,CA,92627-2019,238220,15,Corporation,,Paid in Full,"Harvest Small Business Finance, LLC",176505.48,2021-03-31,24,,agree,840000.00,verified_standard_2.5x,SBA-PPP-150K,148088,3760a581dc3fd7ca12d09996aa360d749e075bcac517e5a6f7e92ae447a1cb8c
9148397101,biz-088,1,PPP,2020-04-15,184800.00,184800.00,"K. KALKA HEATING, PLUMBING & AIR, INC.",15550 Rockfield Blvd A-100,Irvine,CA,92618,Irvine,ORANGE,CA,92618-0002,238220,14,Subchapter S Corporation,,Paid in Full,Live Oak Banking Company,186435.35,2021-03-10,24,,agree,887040.00,verified_standard_2.5x,SBA-PPP-150K,142524,3760a581dc3fd7ca12d09996aa360d749e075bcac517e5a6f7e92ae447a1cb8c
4644137100,biz-089,1,PPP,2020-04-13,972700.00,972700.00,KEN STARR INC.,1120 N. Tustin Avenue,Anaheim,CA,92807-1712,Anaheim,ORANGE,CA,92807-1712,238220,77,Subchapter S Corporation,,Paid in Full,Banc of California,981520.92,2021-03-18,24,,agree,4668960.00,verified_standard_2.5x,SBA-PPP-150K,50665,3760a581dc3fd7ca12d09996aa360d749e075bcac517e5a6f7e92ae447a1cb8c
4640488600,biz-089,2,PPS,2021-03-18,1272200.00,1272200.00,KEN STARR INC.,1120 N Tustin Ave,Anaheim,CA,92807-1712,Anaheim,ORANGE,CA,92807-1712,238220,77,Subchapter S Corporation,,Paid in Full,Banc of California,1279798.35,2021-10-27,60,,agree,6106560.00,verified_standard_2.5x,SBA-PPP-150K,45580,3760a581dc3fd7ca12d09996aa360d749e075bcac517e5a6f7e92ae447a1cb8c
4912897309,biz-090,1,PPP,2020-04-30,158870.00,158870.00,KIRK PLUMBING INC.,5442 Mountainview Ave,YORBA LINDA,CA,92886,YORBA LINDA,ORANGE,CA,92886-1300,238220,15,Corporation,,Paid in Full,BMO Bank National Association,160727.9,2021-06-28,24,,agree,762576.00,verified_standard_2.5x,SBA-PPP-150K,158588,3760a581dc3fd7ca12d09996aa360d749e075bcac517e5a6f7e92ae447a1cb8c
6675358301,biz-090,2,PPS,2021-01-27,171605.00,171605.00,KIRK PLUMBING INC.,5442 Mountain View Ave,Yorba Linda,CA,92886-4913,Yorba Linda,ORANGE,CA,92886-4913,238220,14,Corporation,,Paid in Full,BMO Bank National Association,173092.24,2021-12-07,60,,agree,823704.00,verified_standard_2.5x,SBA-PPP-150K,150276,3760a581dc3fd7ca12d09996aa360d749e075bcac517e5a6f7e92ae447a1cb8c
7859337102,biz-091,1,PPP,2020-04-14,208063.00,208063.00,KNIGHT MECHANICAL SERVICE INC,22967 La Cadena Dr.,Laguna Hills,CA,92653,Laguna Hills,ORANGE,CA,92653-0100,238220,10,Corporation,,Paid in Full,Farmers & Merchants Bank of Long Beach,210331.74,2021-05-27,24,,agree,998702.40,verified_standard_2.5x,SBA-PPP-150K,130443,3760a581dc3fd7ca12d09996aa360d749e075bcac517e5a6f7e92ae447a1cb8c
7755797204,biz-092,1,PPP,2020-04-28,639860.00,639860.00,KRAUSE A.C.T. INC.,411 Rowland Avenue,SANTA ANA,CA,92707-3445,SANTA ANA,ORANGE,CA,92707-3445,238220,45,Corporation,,Paid in Full,City National Bank,646819.57,2021-06-10,24,,agree,3071328.00,verified_standard_2.5x,SBA-PPP-150K,62179,3760a581dc3fd7ca12d09996aa360d749e075bcac517e5a6f7e92ae447a1cb8c
6921987302,biz-093,1,PPP,2020-04-30,353000.00,355000.00,LAS COLINAS,600 S JEFFERSON ST,PLACENTIA,CA,92870-6634,PLACENTIA,ORANGE,CA,92870-6634,238220,33,Subchapter S Corporation,,Paid in Full,Citizens Business Bank,355446.82,2021-01-14,24,,agree,,unknown: amount_changed_after_approval,SBA-PPP-150K,89617,3760a581dc3fd7ca12d09996aa360d749e075bcac517e5a6f7e92ae447a1cb8c
6372848407,biz-093,2,PPS,2021-02-10,298090.00,298090.00,LAS COLINAS,600 S Jefferson St Ste M,Placentia,CA,92870-6634,Placentia,ORANGE,CA,92870-6634,238220,22,Subchapter S Corporation,,Paid in Full,Citizens Business Bank,301765.08,2022-05-19,60,,agree,1430832.00,verified_standard_2.5x,SBA-PPP-150K,100759,3760a581dc3fd7ca12d09996aa360d749e075bcac517e5a6f7e92ae447a1cb8c
7914558109,biz-094,1,PPP,2020-07-24,187500.00,187500.00,LEGACY PLUMBING,216 N RANDOLPH AVE,BREA,CA,92821-5036,BREA,ORANGE,CA,92821-5036,238220,9,Sole Proprietorship,,Paid in Full,Kinecta FCU,189479.17,2021-08-23,60,,agree,,unknown: self_employed_or_untyped_borrower,SBA-PPP-150K,141037,3760a581dc3fd7ca12d09996aa360d749e075bcac517e5a6f7e92ae447a1cb8c
3710628400,biz-094,2,PPS,2021-02-05,208541.67,208541.67,LEGACY PLUMBING,216 N Randolph Ave,Brea,CA,92821-5036,Brea,ORANGE,CA,92821-5036,238220,9,Sole Proprietorship,,Charged Off,Kinecta FCU,,,33,,agree,,unknown: self_employed_or_untyped_borrower,SBA-PPP-150K,130200,3760a581dc3fd7ca12d09996aa360d749e075bcac517e5a6f7e92ae447a1cb8c
5384037102,biz-095,1,PPP,2020-04-13,392959.00,506608.00,M3 HVAC,1019 E LACY AVE,ANAHEIM,CA,92805-5651,ANAHEIM,ORANGE,CA,92805-5651,238220,27,Professional Association,,Paid in Full,Farmers & Merchants Bank of Long Beach,397114.68,2021-05-13,24,,agree,,unknown: amount_changed_after_approval,SBA-PPP-150K,83604,3760a581dc3fd7ca12d09996aa360d749e075bcac517e5a6f7e92ae447a1cb8c
4595847006,biz-096,1,PPP,2020-04-04,228900.00,228900.00,MCCLANAHAN INC DBA HARTMANAIRE,12 Gardenia,LAKE FOREST,CA,92630-8367,LAKE FOREST,ORANGE,CA,92630-8367,238220,10,Corporation,,Paid in Full,Pacific Premier Bank,230994.59,2021-03-10,24,,agree,1098720.00,verified_standard_2.5x,SBA-PPP-150K,121547,3760a581dc3fd7ca12d09996aa360d749e075bcac517e5a6f7e92ae447a1cb8c
3449628406,biz-096,2,PPS,2021-02-05,197317.00,197317.00,MCCLANAHAN INC DBA HARTMANAIRE,12 Gardenia,Lake Forest,CA,92630-8367,Lake Forest,ORANGE,CA,92630-8367,238220,8,Corporation,,Paid in Full,Northeast Bank,200901.14,2022-12-07,60,,agree,947121.60,verified_standard_2.5x,SBA-PPP-150K,135893,3760a581dc3fd7ca12d09996aa360d749e075bcac517e5a6f7e92ae447a1cb8c
3971167101,biz-097,1,PPP,2020-04-12,552500.00,552500.00,"MDDR, INC.",555 VANGUARD WAY,BREA,CA,92821-3933,BREA,ORANGE,CA,92821-3933,238220,49,Corporation,,Paid in Full,United Business Bank,560083.63,2021-09-07,24,,agree,2652000.00,verified_standard_2.5x,SBA-PPP-150K,67441,3760a581dc3fd7ca12d09996aa360d749e075bcac517e5a6f7e92ae447a1cb8c
9211517104,biz-098,1,PPP,2020-04-15,434300.00,434300.00,"MECHANIC REFRIGERATION COMPANY, INC.",5616 Corporate Ave.,CYPRESS,CA,90630,CYPRESS,ORANGE,CA,90630-0001,238220,25,Subchapter S Corporation,,Paid in Full,"Zions Bank, A Division of",439261.73,2021-06-10,60,,agree,2084640.00,verified_standard_2.5x,SBA-PPP-150K,78302,3760a581dc3fd7ca12d09996aa360d749e075bcac517e5a6f7e92ae447a1cb8c
6959327407,biz-099,1,PPP,2020-05-15,420000.00,468800.00,"MECHANICAL TECHNOLOGY SYSTEMS, INC.",1407 N. BATAVIA ST #117,ORANGE,CA,92867-3525,ORANGE,ORANGE,CA,92867-3525,238220,27,Subchapter S Corporation,,Paid in Full,Citizens Business Bank,425638.36,2021-09-22,24,,agree,,unknown: amount_changed_after_approval,SBA-PPP-150K,80002,3760a581dc3fd7ca12d09996aa360d749e075bcac517e5a6f7e92ae447a1cb8c
3966737101,biz-100,1,PPP,2020-04-12,375413.00,388877.00,"MERTZ ENTERPRISES, INC.",11582 MARKON DR,GARDEN GROVE,CA,92841-1809,GARDEN GROVE,ORANGE,CA,92841-1809,238220,23,Subchapter S Corporation,,Paid in Full,Pacific Premier Bank,378724.86,2021-03-11,24,,agree,,unknown: amount_changed_after_approval,SBA-PPP-150K,86037,3760a581dc3fd7ca12d09996aa360d749e075bcac517e5a6f7e92ae447a1cb8c
1119238405,biz-100,2,PPS,2021-02-01,387115.00,387115.00,MERTZ ENTERPRISES INC,11582 Markon Dr,Garden Grove,CA,92841-1809,Garden Grove,ORANGE,CA,92841-1809,238220,24,Subchapter S Corporation,,Paid in Full,"Harvest Small Business Finance, LLC",390986.15,2022-02-14,60,,agree,1858152.00,verified_standard_2.5x,SBA-PPP-150K,84396,3760a581dc3fd7ca12d09996aa360d749e075bcac517e5a6f7e92ae447a1cb8c
7405917704,biz-101,1,PPP,2020-05-01,329295.00,329295.00,"MIKE COTTLE PLUMBING CO, INC.",10652 TRASK AVE,GARDEN GROVE,CA,92843,GARDEN GROVE,ORANGE,CA,92843-1000,238220,31,Corporation,,Paid in Full,"U.S. Bank, National Association",333786.22,2021-09-22,24,,agree,1580616.00,verified_standard_2.5x,SBA-PPP-150K,93866,3760a581dc3fd7ca12d09996aa360d749e075bcac517e5a6f7e92ae447a1cb8c
1621668705,biz-101,2,PPS,2021-03-27,307487.00,307487.00,MIKE COTTLE PLUMBING CO INC,10652 Trask Ave,Garden Grove,CA,92843-2407,Garden Grove,ORANGE,CA,92843-2407,238220,32,Corporation,,Paid in Full,"U.S. Bank, National Association",309058.6,2021-10-04,60,,agree,1475937.60,verified_standard_2.5x,SBA-PPP-150K,98466,3760a581dc3fd7ca12d09996aa360d749e075bcac517e5a6f7e92ae447a1cb8c
4632597700,biz-102,1,PPP,2020-05-01,156095.00,156095.00,NEPTUNE FIRE PROTECTION INC,26072 MERIT CIRCLE SUITE 113,LAGUNA HILLS,CA,92653,LAGUNA HILLS,ORANGE,CA,92653-0100,238220,27,Corporation,,Paid in Full,"Wells Fargo Bank, National Association",158006.63,2021-08-03,24,,agree,749256.00,verified_standard_2.5x,SBA-PPP-150K,160502,3760a581dc3fd7ca12d09996aa360d749e075bcac517e5a6f7e92ae447a1cb8c
2045108609,biz-102,2,PPS,2021-03-13,188025.00,188025.00,NEPTUNE FIRE PROTECTION INC,26072 Merit Cir,Laguna Hills,CA,92653-7015,Laguna Hills,ORANGE,CA,92653-7015,238220,25,Corporation,,Paid in Full,"Readycap Lending, LLC",188818.31,2021-08-25,60,,agree,902520.00,verified_standard_2.5x,SBA-PPP-150K,140623,3760a581dc3fd7ca12d09996aa360d749e075bcac517e5a6f7e92ae447a1cb8c
3890257701,biz-103,1,PPP,2020-05-01,297804.00,297804.00,NETWORK ROOTER &AMP; PLUMBING INC,17330 NEWHOPE ST SUITE G,FOUNTAIN VALLEY,CA,92708,FOUNTAIN VALLEY,ORANGE,CA,92708-1001,238220,8,Corporation,,Paid in Full,"Wells Fargo Bank, National Association",301638.74,2021-08-20,24,,agree,1429459.20,verified_standard_2.5x,SBA-PPP-150K,100809,3760a581dc3fd7ca12d09996aa360d749e075bcac517e5a6f7e92ae447a1cb8c
5146617703,biz-104,1,PPP,2020-05-01,976085.00,976085.00,"NEXGEN AIR CONDITIONING AND HEATING, INC",700 N VALLEY ST STE K,ANAHEIM,CA,92801-3824,ANAHEIM,ORANGE,CA,92801-3824,238220,110,Corporation,,Paid in Full,"Bank of America, National Association",985311.01,2021-04-15,24,,agree,4685208.00,verified_standard_2.5x,SBA-PPP-150K,50593,3760a581dc3fd7ca12d09996aa360d749e075bcac517e5a6f7e92ae447a1cb8c
5224057708,biz-105,1,PPP,2020-05-01,811310.00,33142.00,NEXUS ENERGY SYSTEMS INC,2530 E CERRITOS AVE,ANAHEIM,CA,92806-5627,ANAHEIM,ORANGE,CA,92806-5627,238220,176,Corporation,,Paid in Full,"Bank of America, National Association",779839.06,2021-09-23,24,,agree,,unknown: amount_changed_after_approval,SBA-PPP-150K,55063,3760a581dc3fd7ca12d09996aa360d749e075bcac517e5a6f7e92ae447a1cb8c
1867067205,biz-106,1,PPP,2020-04-15,298832.00,298832.00,ORANGE COUNTY AIR CONDITIONING INC.,2952 CENTURY PL,COSTA MESA,CA,92626-4324,COSTA MESA,ORANGE,CA,92626-4324,238220,14,Corporation,,Paid in Full,Cross River Bank,301099.85,2021-01-26,24,,agree,1434393.60,verified_standard_2.5x,SBA-PPP-150K,100587,3760a581dc3fd7ca12d09996aa360d749e075bcac517e5a6f7e92ae447a1cb8c
2244557208,biz-107,1,PPP,2020-04-15,158600.00,158600.00,ORANGE COUNTY PUMPING INC.,630 S Hathaway St,Santa Ana,CA,92705,Santa Ana,ORANGE,CA,92705-1000,238220,15,Subchapter S Corporation,,Paid in Full,First-Citizens Bank & Trust Company,160159.93,2021-04-15,24,,agree,761280.00,verified_standard_2.5x,SBA-PPP-150K,158744,3760a581dc3fd7ca12d09996aa360d749e075bcac517e5a6f7e92ae447a1cb8c
4559117209,biz-108,1,PPP,2020-04-27,1213112.00,1213112.00,PACIFIC PLUMBING COMPANY OF SANTA ANA,615 E WASHINGTON AVE,SANTA ANA,CA,92702,SANTA ANA,ORANGE,CA,92702-0001,238220,51,Corporation,,Paid in Full,Banc of California,1223481.61,2021-03-09,24,,agree,5822937.60,verified_standard_2.5x,SBA-PPP-150K,46349,3760a581dc3fd7ca12d09996aa360d749e075bcac517e5a6f7e92ae447a1cb8c
4128768308,biz-108,2,PPS,2021-01-22,1213112.00,1213112.00,PACIFIC PLUMBING COMPANY OF SANTA ANA,615 E Washington Ave,Santa Ana,CA,92701-3842,Santa Ana,ORANGE,CA,92701-3842,238220,44,Corporation,,Paid in Full,Banc of California,1223448.38,2021-12-07,60,,agree,5822937.60,verified_standard_2.5x,SBA-PPP-150K,46348,3760a581dc3fd7ca12d09996aa360d749e075bcac517e5a6f7e92ae447a1cb8c
2459408409,biz-109,2,PPS,2021-02-03,484287.00,484287.00,PACIFIC WEST INDUSTRIES INC,4051 E La Palma Ave Ste A,Anaheim,CA,92807-1751,Anaheim,ORANGE,CA,92807-1751,238220,30,Corporation,,Paid in Full,City National Bank,491411.99,2022-07-26,60,,agree,2324577.60,verified_standard_2.5x,SBA-PPP-150K,73167,3760a581dc3fd7ca12d09996aa360d749e075bcac517e5a6f7e92ae447a1cb8c
1735957700,biz-110,1,PPP,2020-05-01,162500.00,162500.00,PENNINE PLUMBING INC,1139 S PLACENTIA AVE,FULLERTON,CA,92831,FULLERTON,ORANGE,CA,92831-1000,238220,11,Corporation,,Paid in Full,"JPMorgan Chase Bank, National Association",163446.65,2020-12-02,24,,agree,780000.00,verified_standard_2.5x,SBA-PPP-150K,156067,3760a581dc3fd7ca12d09996aa360d749e075bcac517e5a6f7e92ae447a1cb8c
5441497206,biz-111,1,PPP,2020-04-27,765046.04,765046.04,PIPE RESTORATION INC.,3122 W ALPINE STREET,Santa Ana,CA,92704,Santa Ana,ORANGE,CA,92704-0001,238220,41,Corporation,,Paid in Full,Idaho First Bank,771187.37,2021-02-17,24,,agree,3672220.99,verified_standard_2.5x,SBA-PPP-150K,56671,3760a581dc3fd7ca12d09996aa360d749e075bcac517e5a6f7e92ae447a1cb8c
4784468310,biz-111,2,PPS,2021-01-23,765000.00,765000.00,PIPE RESTORATION INC.,3122 W Alpine St,Santa Ana,CA,92704-6912,Santa Ana,ORANGE,CA,92704-6912,238220,41,Corporation,,Paid in Full,"A10Capital, LLC",771434.38,2021-12-01,60,,agree,3672000.00,verified_standard_2.5x,SBA-PPP-150K,56675,3760a581dc3fd7ca12d09996aa360d749e075bcac517e5a6f7e92ae447a1cb8c
4173118300,biz-112,2,PPS,2021-01-23,166500.00,166500.00,PIPELINE RESTORATION PLUMBING INC,2700 S Main St Ste E,Santa Ana,CA,92707-3431,Santa Ana,ORANGE,CA,92707-3431,238220,8,Corporation,,Paid in Full,"Readycap Lending, LLC",167558.3,2021-09-22,60,,agree,799200.00,verified_standard_2.5x,SBA-PPP-150K,153563,3760a581dc3fd7ca12d09996aa360d749e075bcac517e5a6f7e92ae447a1cb8c
2417027103,biz-113,1,PPP,2020-04-10,2167900.00,2167900.00,"PLUMBING, PIPING & CONSTRUCTION INC",5950 Lakeshore Drive,CYPRESS,CA,90630-3371,CYPRESS,ORANGE,CA,90630-3371,238220,95,Corporation,,Paid in Full,First Pacific Bank,1990652.16,2021-06-11,24,,agree,10405920.00,verified_standard_2.5x,SBA-PPP-150K,38649,3760a581dc3fd7ca12d09996aa360d749e075bcac517e5a6f7e92ae447a1cb8c
8730137301,biz-114,1,PPP,2020-05-01,240046.00,240046.00,"POWER EDGE SOLUTIONS, INC.",1910 VIA  E,ANAHEIM,CA,92806,ANAHEIM,ORANGE,CA,92806-0100,238220,20,Subchapter S Corporation,,Paid in Full,"U.S. Bank, National Association",241506.28,2020-12-17,24,,agree,1152220.80,verified_standard_2.5x,SBA-PPP-150K,117366,3760a581dc3fd7ca12d09996aa360d749e075bcac517e5a6f7e92ae447a1cb8c
2566287300,biz-115,1,PPP,2020-04-29,392800.00,392800.00,POWERHOUSE COMBUSTION & MECHANICAL CORPORATION,3410 W Maywood Ave,Santa Ana,CA,92704,Santa Ana,ORANGE,CA,92704-0001,238220,18,Subchapter S Corporation,,Paid in Full,Comerica Bank,398255.56,2021-09-20,24,,agree,1885440.00,verified_standard_2.5x,SBA-PPP-150K,83631,3760a581dc3fd7ca12d09996aa360d749e075bcac517e5a6f7e92ae447a1cb8c
2410287108,biz-116,1,PPP,2020-04-10,1658100.00,1658100.00,PPC AIR CONDITIONING INC.,5950 Lakeshore Drive,CYPRESS,CA,90630-3371,CYPRESS,ORANGE,CA,90630-3371,238220,65,Corporation,,Paid in Full,First Pacific Bank,1677270.36,2021-06-11,24,,agree,7958880.00,verified_standard_2.5x,SBA-PPP-150K,42060,3760a581dc3fd7ca12d09996aa360d749e075bcac517e5a6f7e92ae447a1cb8c
2425307104,biz-117,1,PPP,2020-04-10,255000.00,255000.00,PPC SERVICE INC,5950 Lakeshore Drive,CYPRESS,CA,90630-3371,CYPRESS,ORANGE,CA,90630-3371,238220,8,Corporation,,Paid in Full,First Pacific Bank,257948.22,2021-06-11,24,,agree,1224000.00,verified_standard_2.5x,SBA-PPP-150K,112068,3760a581dc3fd7ca12d09996aa360d749e075bcac517e5a6f7e92ae447a1cb8c
8105497309,biz-118,1,PPP,2020-05-01,243100.00,243100.00,PRISTINE PLUMBING INC,16 Technology Dr Ste 141,Irvine,CA,92618,Irvine,ORANGE,CA,92618-0002,238220,31,Corporation,,Paid in Full,WebBank,244930,2021-01-28,24,,agree,1166880.00,verified_standard_2.5x,SBA-PPP-150K,116343,3760a581dc3fd7ca12d09996aa360d749e075bcac517e5a6f7e92ae447a1cb8c
9085108409,biz-118,2,PPS,2021-02-14,295110.00,295110.00,PRISTINE PLUMBING INC,16 Technology Dr Ste 141,Irvine,CA,92618-2324,Irvine,ORANGE,CA,92618-2324,238220,25,Corporation,,Paid in Full,"Harvest Small Business Finance, LLC",299031.32,2022-06-23,60,,agree,1416528.00,verified_standard_2.5x,SBA-PPP-150K,101341,3760a581dc3fd7ca12d09996aa360d749e075bcac517e5a6f7e92ae447a1cb8c
4773777710,biz-119,1,PPP,2020-05-01,222919.00,222919.00,PRO MECHANICAL CORP,507 W BLUERIDGE AVE,ORANGE,CA,92865,ORANGE,ORANGE,CA,92865-1001,238220,8,Corporation,,Paid in Full,"Wells Fargo Bank, National Association",225233.69,2021-05-21,24,,agree,1070011.20,verified_standard_2.5x,SBA-PPP-150K,123987,3760a581dc3fd7ca12d09996aa360d749e075bcac517e5a6f7e92ae447a1cb8c
5458847004,biz-120,1,PPP,2020-04-05,1641300.00,1641300.00,PROCESS CELLULAR INC.,3020 W HARVARD ST,SANTA ANA,CA,92704-3914,SANTA ANA,ORANGE,CA,92704-3914,238220,114,Corporation,,Paid in Full,City National Bank,1662839.25,2021-08-16,24,,agree,7878240.00,verified_standard_2.5x,SBA-PPP-150K,42178,3760a581dc3fd7ca12d09996aa360d749e075bcac517e5a6f7e92ae447a1cb8c
3054518403,biz-121,2,PPS,2021-02-04,187817.00,187817.00,PROFESSIONAL PLUMBING & DRAIN CLEANING INC.,2292 N Batavia St Ste B,Orange,CA,92865-3100,Orange,ORANGE,CA,92865-3100,238220,13,Corporation,,Paid in Full,"Harvest Small Business Finance, LLC",189242.35,2021-11-16,60,,agree,901521.60,verified_standard_2.5x,SBA-PPP-150K,140731,3760a581dc3fd7ca12d09996aa360d749e075bcac517e5a6f7e92ae447a1cb8c
8897238305,biz-122,2,PPS,2021-01-30,196610.00,196610.00,PROSPEC INC,1164 E Valencia Dr,Fullerton,CA,92831-4627,Fullerton,ORANGE,CA,92831-4627,238220,23,Corporation,,Paid in Full,"Bank of America, National Association",197741.18,2021-09-01,60,,agree,943728.00,verified_standard_2.5x,SBA-PPP-150K,136237,3760a581dc3fd7ca12d09996aa360d749e075bcac517e5a6f7e92ae447a1cb8c
6231587205,biz-123,1,PPP,2020-04-27,240500.00,240500.00,"R.T. SHELTON, INC.",4065 E LA PALMA AVE #A,ANAHEIM,CA,92807-1740,ANAHEIM,ORANGE,CA,92807-1740,238220,14,Corporation,,Paid in Full,Umpqua Bank,243926.3,2021-10-07,59,,agree,1154400.00,verified_standard_2.5x,SBA-PPP-150K,117212,3760a581dc3fd7ca12d09996aa360d749e075bcac517e5a6f7e92ae447a1cb8c
1499128506,biz-123,2,PPS,2021-02-19,223759.00,223759.00,R.T. SHELTON INC.,4065 E La Palma Ave,Anaheim,CA,92807-1740,Anaheim,ORANGE,CA,92807-1740,238220,14,Corporation,,Paid in Full,Umpqua Bank,228038.01,2023-01-26,60,,agree,1074043.20,verified_standard_2.5x,SBA-PPP-150K,123652,3760a581dc3fd7ca12d09996aa360d749e075bcac517e5a6f7e92ae447a1cb8c
4125627103,biz-124,1,PPP,2020-04-12,182413.00,182413.00,"RAM AIR ENGINEERING, INC.",25172 ARCTIC OCEAN DR,LAKE FOREST,CA,92630-8850,LAKE FOREST,ORANGE,CA,92630-8850,238220,12,Corporation,,Paid in Full,Farmers & Merchants Bank of Long Beach,183467.99,2021-02-12,24,,agree,875582.40,verified_standard_2.5x,SBA-PPP-150K,143785,3760a581dc3fd7ca12d09996aa360d749e075bcac517e5a6f7e92ae447a1cb8c
6893538305,biz-125,2,PPS,2021-01-27,182412.50,182412.50,RAM AIR ENGINEERING INC.,25775 Las Vegas Ave,Dana Point,CA,92624-1117,Dana Point,ORANGE,CA,92624-1117,238220,9,Corporation,,Paid in Full,Farmers & Merchants Bank of Long Beach,183147.15,2021-06-29,60,,agree,875580.00,verified_standard_2.5x,SBA-PPP-150K,143786,3760a581dc3fd7ca12d09996aa360d749e075bcac517e5a6f7e92ae447a1cb8c
4167477104,biz-126,1,PPP,2020-04-13,489221.00,489221.00,"RAMCO REFRIGERATION AND AIR CONDITIONING, INC.",3921 E MIRALOMA AVE,ANAHEIM,CA,92806-6201,ANAHEIM,ORANGE,CA,92806-6201,238220,30,Subchapter S Corporation,,Paid in Full,Farmers & Merchants Bank of Long Beach,492491.41,2020-12-22,24,,agree,2348260.80,verified_standard_2.5x,SBA-PPP-150K,72717,3760a581dc3fd7ca12d09996aa360d749e075bcac517e5a6f7e92ae447a1cb8c
8115568306,biz-126,2,PPS,2021-01-29,654007.50,654007.50,RAMCO REFRIGERATION AND AIR CONDITIONING,3921 E Miraloma Ave,Anaheim,CA,92806-6201,Anaheim,ORANGE,CA,92806-6201,238220,23,Subchapter S Corporation,,Paid in Full,Farmers & Merchants Bank of Long Beach,658218.23,2021-09-28,60,,agree,3139236.00,verified_standard_2.5x,SBA-PPP-150K,61460,3760a581dc3fd7ca12d09996aa360d749e075bcac517e5a6f7e92ae447a1cb8c
3928617110,biz-127,1,PPP,2020-04-12,394400.00,394400.00,"REFRIGERATION CONTROL COMPANY, INC.",33548 Valle Rd,SAN JUAN CAPISTRANO,CA,92675,SAN JUAN CAPISTRANO,ORANGE,CA,92675-1000,238220,29,Corporation,,Paid in Full,First-Citizens Bank & Trust Company,397684.87,2021-02-26,24,,agree,1893120.00,verified_standard_2.5x,SBA-PPP-150K,83418,3760a581dc3fd7ca12d09996aa360d749e075bcac517e5a6f7e92ae447a1cb8c
6286067308,biz-128,1,PPP,2020-04-30,288920.00,288920.00,REGENCY PLUMBING & PIPING INC,1039 W Barkley Ave,Orange,CA,92868,Orange,ORANGE,CA,92868-1000,238220,25,Subchapter S Corporation,,Paid in Full,WebBank,292948.83,2021-09-16,24,,agree,1386816.00,verified_standard_2.5x,SBA-PPP-150K,102798,3760a581dc3fd7ca12d09996aa360d749e075bcac517e5a6f7e92ae447a1cb8c
5718647109,biz-129,1,PPP,2020-04-13,953500.00,953500.00,"RESIDENTIAL FIRE SYSTEMS, INC.",8085 E CRYSTAL DR,ANAHEIM,CA,92807-2523,ANAHEIM,ORANGE,CA,92807-2523,238220,95,Corporation,,Paid in Full,First Foundation Bank,964106.05,2021-06-04,24,,agree,4576800.00,verified_standard_2.5x,SBA-PPP-150K,51116,3760a581dc3fd7ca12d09996aa360d749e075bcac517e5a6f7e92ae447a1cb8c
3939648709,biz-129,2,PPS,2021-03-31,1158570.00,1158570.00,RESIDENTIAL FIRE SYSTEMS INC.,8085 E Crystal Dr,Anaheim,CA,92807-2523,Anaheim,ORANGE,CA,92807-2523,238220,73,Corporation,,Paid in Full,First Foundation Bank,1173075.93,2022-07-07,60,,agree,5561136.00,verified_standard_2.5x,SBA-PPP-150K,47149,3760a581dc3fd7ca12d09996aa360d749e075bcac517e5a6f7e92ae447a1cb8c
2816347701,biz-130,1,PPP,2020-05-01,172500.00,172500.00,RGA ROOTER &AMP; PLUMBING INC,18011 THEODORA DR,TUSTIN,CA,92780,TUSTIN,ORANGE,CA,92780-0300,238220,11,Subchapter S Corporation,,Paid in Full,"JPMorgan Chase Bank, National Association",173763.18,2021-01-26,24,,agree,828000.00,verified_standard_2.5x,SBA-PPP-150K,149735,3760a581dc3fd7ca12d09996aa360d749e075bcac517e5a6f7e92ae447a1cb8c
9855267009,biz-131,1,PPP,2020-04-09,424100.00,424100.00,"RH ORANGE, INC.",1328 South ALLEC ST,ANAHEIM,CA,92805-6303,ANAHEIM,ORANGE,CA,92805-6303,238220,27,Corporation,,Paid in Full,US Metro Bank,429154.34,2021-06-29,24,,agree,2035680.00,verified_standard_2.5x,SBA-PPP-150K,79510,3760a581dc3fd7ca12d09996aa360d749e075bcac517e5a6f7e92ae447a1cb8c
2717438705,biz-131,2,PPS,2021-03-30,426226.85,426226.85,RH ORANGE INC.,1328 S Allec St,Anaheim,CA,92805-6303,Anaheim,ORANGE,CA,92805-6303,238220,30,Corporation,,Paid in Full,US Metro Bank,430337.31,2022-03-24,60,,agree,2045888.88,verified_standard_2.5x,SBA-PPP-150K,79222,3760a581dc3fd7ca12d09996aa360d749e075bcac517e5a6f7e92ae447a1cb8c
1036067705,biz-132,1,PPP,2020-05-01,316587.00,316587.00,"SADDLEBACK PLUMBING, INC.",23901 REMME RDG,LAKE FOREST,CA,92630,LAKE FOREST,ORANGE,CA,92630-1300,238220,170,Corporation,,Paid in Full,"JPMorgan Chase Bank, National Association",319939.48,2021-05-26,24,,agree,1519617.60,verified_standard_2.5x,SBA-PPP-150K,96456,3760a581dc3fd7ca12d09996aa360d749e075bcac517e5a6f7e92ae447a1cb8c
8014268507,biz-133,2,PPS,2021-03-08,599060.00,599060.00,SCOTT ENGLISH PLUMBING INC,1230 N Jefferson St H,Anaheim,CA,92807-1631,Anaheim,ORANGE,CA,92807-1631,238220,49,Subchapter S Corporation,,Paid in Full,"U.S. Bank, National Association",601922.18,2021-09-08,60,,agree,2875488.00,verified_standard_2.5x,SBA-PPP-150K,64539,3760a581dc3fd7ca12d09996aa360d749e075bcac517e5a6f7e92ae447a1cb8c
3973397703,biz-134,1,PPP,2020-05-01,187946.00,187946.00,SEASIDE AIR ENTERPRISES INC,32959 CALLE PERFECTO UNIT C,SAN JUAN CAPISTRANO,CA,92675,SAN JUAN CAPISTRANO,ORANGE,CA,92675-1000,238220,19,Corporation,,Paid in Full,"Wells Fargo Bank, National Association",189969.64,2021-06-04,24,,agree,902140.80,verified_standard_2.5x,SBA-PPP-150K,140684,3760a581dc3fd7ca12d09996aa360d749e075bcac517e5a6f7e92ae447a1cb8c
7134917701,biz-135,1,PPP,2020-05-01,291700.00,291700.00,"SHELTON FIRE PROTECTION CO., INC.",22745 La Palma Avenue,Yorba Linda,CA,92887,Yorba Linda,ORANGE,CA,92887-1200,238220,12,Corporation,,Paid in Full,"Citibank, N.A.",295402.97,2021-08-12,24,,agree,1400160.00,verified_standard_2.5x,SBA-PPP-150K,102120,3760a581dc3fd7ca12d09996aa360d749e075bcac517e5a6f7e92ae447a1cb8c
2639817110,biz-136,1,PPP,2020-04-11,223600.00,223600.00,SMART CHOICE HEATING AND AIR,2525 W Woodland Dr,Anaheim,CA,92801,Anaheim,ORANGE,CA,92801-0900,238220,33,Subchapter S Corporation,,Paid in Full,Live Oak Banking Company,225468.44,2021-02-17,24,,agree,1073280.00,verified_standard_2.5x,SBA-PPP-150K,123711,3760a581dc3fd7ca12d09996aa360d749e075bcac517e5a6f7e92ae447a1cb8c
9026358403,biz-136,2,PPS,2021-02-14,253373.00,253373.00,SMART CHOICE HEATING AND AIR,2525 W Woodland Dr,Anaheim,CA,92801-2637,Anaheim,ORANGE,CA,92801-2637,238220,33,Subchapter S Corporation,,Paid in Full,Live Oak Banking Company,255087.61,2021-11-01,60,,agree,1216190.40,verified_standard_2.5x,SBA-PPP-150K,112569,3760a581dc3fd7ca12d09996aa360d749e075bcac517e5a6f7e92ae447a1cb8c
7728197304,biz-137,1,PPP,2020-04-30,187800.00,187800.00,SONSHINE PLUMBING INC,10537 DALE AVE,STANTON,CA,90680-2641,STANTON,ORANGE,CA,90680-2641,238220,12,Corporation,,Paid in Full,"California Bank of Commerce, NA",189024.56,2021-01-06,24,,agree,901440.00,verified_standard_2.5x,SBA-PPP-150K,140750,3760a581dc3fd7ca12d09996aa360d749e075bcac517e5a6f7e92ae447a1cb8c
6056097006,biz-138,1,PPP,2020-04-06,2213000.00,2213000.00,SOUTH COAST MECHANICAL INC,800 E. ORANGETHORPE AVE,ANAHEIM,CA,92801-1123,ANAHEIM,ORANGE,CA,92801-1123,238220,90,Corporation,,Paid in Full,Pacific Premier Bank,2239798.52,2021-06-28,24,,agree,10622400.00,verified_standard_2.5x,SBA-PPP-150K,38541,3760a581dc3fd7ca12d09996aa360d749e075bcac517e5a6f7e92ae447a1cb8c
2370597210,biz-139,1,PPP,2020-04-16,549599.00,549599.00,SPECTRUM MECHANICAL INC,9760 RESEARCH DR Unit DD,IRVINE,CA,92618-4327,IRVINE,ORANGE,CA,92618-4327,238220,30,Corporation,,Paid in Full,Farmers & Merchants Bank of Long Beach,555245.57,2021-05-05,24,,agree,2638075.20,verified_standard_2.5x,SBA-PPP-150K,67661,3760a581dc3fd7ca12d09996aa360d749e075bcac517e5a6f7e92ae447a1cb8c
4262068703,biz-139,2,PPS,2021-04-01,567030.00,567030.00,SPECTRUM MECHANICAL INC,9760 Research Dr Unit Dd,Irvine,CA,92618-4327,Irvine,ORANGE,CA,92618-4327,238220,31,Corporation,,Paid in Full,Farmers & Merchants Bank of Long Beach,572311.92,2022-03-16,60,,agree,2721744.00,verified_standard_2.5x,SBA-PPP-150K,66476,3760a581dc3fd7ca12d09996aa360d749e075bcac517e5a6f7e92ae447a1cb8c
3997027201,biz-140,1,PPP,2020-04-27,1162337.00,1162337.00,STERLING PLUMBING INC.,3111 W CENTRAL AVE,SANTA ANA,CA,92704-5302,SANTA ANA,ORANGE,CA,92704-5302,238220,82,Corporation,,Paid in Full,Pacific Premier Bank,1172845.8,2021-03-26,24,,agree,5579217.60,verified_standard_2.5x,SBA-PPP-150K,47093,3760a581dc3fd7ca12d09996aa360d749e075bcac517e5a6f7e92ae447a1cb8c
9309067207,biz-141,1,PPP,2020-04-28,191400.00,191400.00,STEVEN D SHAFER,1787 N GREENGROVE STREET,ORANGE,CA,92865,ORANGE,ORANGE,CA,92865-1001,238220,12,Sole Proprietorship,,Paid in Full,"Zions Bank, A Division of",194273.62,2021-11-01,60,,agree,,unknown: self_employed_or_untyped_borrower,SBA-PPP-150K,138793,3760a581dc3fd7ca12d09996aa360d749e075bcac517e5a6f7e92ae447a1cb8c
3262728510,biz-142,2,PPS,2021-02-23,186745.00,186745.00,STEVEN SHAFER,1307 W Trenton Ave,Orange,CA,92867-3539,Orange,ORANGE,CA,92867-3539,238220,11,Sole Proprietorship,,Paid in Full,"Zions Bank, A Division of",188832.45,2022-04-11,60,,agree,,unknown: self_employed_or_untyped_borrower,SBA-PPP-150K,141456,3760a581dc3fd7ca12d09996aa360d749e075bcac517e5a6f7e92ae447a1cb8c
2931747709,biz-143,1,PPP,2020-05-01,597385.00,597385.00,"SUNPIN SOLAR DEVELOPMENT LLC DBA SUNPIN SOLAR, LLC",2020 MAIN ST,IRVINE,CA,92614,IRVINE,ORANGE,CA,92614-0100,238220,21,Limited  Liability Company(LLC),,Paid in Full,"JPMorgan Chase Bank, National Association",605922.63,2021-10-12,24,,agree,2867448.00,verified_standard_2.5x,SBA-PPP-150K,64640,3760a581dc3fd7ca12d09996aa360d749e075bcac517e5a6f7e92ae447a1cb8c
2988267708,biz-144,1,PPP,2020-05-01,567157.00,567157.00,SUNRISE PLUMBING &AMP; MECHANICAL INC,7581 HAZARD AVE STE C,WESTMINSTER,CA,92683,WESTMINSTER,ORANGE,CA,92683-0200,238220,62,Subchapter S Corporation,,Paid in Full,"JPMorgan Chase Bank, National Association",571356.48,2021-02-02,24,,agree,2722353.60,verified_standard_2.5x,SBA-PPP-150K,66470,3760a581dc3fd7ca12d09996aa360d749e075bcac517e5a6f7e92ae447a1cb8c
7387717306,biz-145,1,PPP,2020-04-30,277745.00,277745.00,SUNTREK INDUSTRIES INC,5 Holland,Irvine,CA,92618,Irvine,ORANGE,CA,92618-0002,238220,25,Subchapter S Corporation,,Paid in Full,Celtic Bank Corporation,281313.83,2021-08-13,24,,agree,1333176.00,verified_standard_2.5x,SBA-PPP-150K,105546,3760a581dc3fd7ca12d09996aa360d749e075bcac517e5a6f7e92ae447a1cb8c
9801737002,biz-146,1,PPP,2020-04-09,192702.00,192702.00,"SUNWEST AIR CONDITIONING, INC.",1660 BABCOCK ST,COSTA MESA,CA,92627-4330,COSTA MESA,ORANGE,CA,92627-4330,238220,15,Subchapter S Corporation,,Paid in Full,City National Bank,194856.04,2021-06-03,24,,agree,924969.60,verified_standard_2.5x,SBA-PPP-150K,138167,3760a581dc3fd7ca12d09996aa360d749e075bcac517e5a6f7e92ae447a1cb8c
4756398708,biz-147,1,PPP,2021-04-01,248775.00,248775.00,SUPERIOR PLUMBING CONTRACTORS INC,24881 Alicia Pkwy # E-106,Laguna Hills,CA,92653-4617,Laguna Hills,ORANGE,CA,92653-4617,238220,24,Subchapter S Corporation,,Exemption 4,US Bank National Association,,,60,,agree,1194120.00,verified_standard_2.5x,SBA-PPP-150K,114491,3760a581dc3fd7ca12d09996aa360d749e075bcac517e5a6f7e92ae447a1cb8c
9648587302,biz-148,1,PPP,2020-05-02,202034.00,202034.00,"SYSTEMS X T, INC.",1910 VIA  E,ANAHEIM,CA,92806,ANAHEIM,ORANGE,CA,92806-0100,238220,12,Subchapter S Corporation,,Paid in Full,"U.S. Bank, National Association",204323.72,2021-06-24,24,,agree,969763.20,verified_standard_2.5x,SBA-PPP-150K,133262,3760a581dc3fd7ca12d09996aa360d749e075bcac517e5a6f7e92ae447a1cb8c
5071457305,biz-149,1,PPP,2020-04-30,299605.00,309605.00,"TACTICAL AIR, INC. DBA SOCAL AIRFLOW PRO",29816 AVENIDA DE LAS BANDERAS,RANCHO SANTA MARGARI,CA,92688,RANCHO SANTA MARGARI,ORANGE,CA,92688-0001,238220,14,Subchapter S Corporation,,Paid in Full,"JPMorgan Chase Bank, National Association",303030.48,2021-06-28,24,,agree,,unknown: amount_changed_after_approval,SBA-PPP-150K,100423,3760a581dc3fd7ca12d09996aa360d749e075bcac517e5a6f7e92ae447a1cb8c
9657298503,biz-149,2,PPS,2021-03-12,299605.00,299605.00,TACTICAL AIR INC.,29816 Avenida de las Bandera,Rancho Santa Margarita,CA,92688-2648,Rancho Santa Margarita,ORANGE,CA,92688-2648,238220,19,Subchapter S Corporation,,Paid in Full,"JPMorgan Chase Bank, National Association",302010.99,2022-01-06,60,,agree,1438104.00,verified_standard_2.5x,SBA-PPP-150K,100424,3760a581dc3fd7ca12d09996aa360d749e075bcac517e5a6f7e92ae447a1cb8c
2438547105,biz-150,1,PPP,2020-04-10,857500.00,857500.00,TALENT AIR,10880 WALKER ST,CYPRESS,CA,90630-5011,CYPRESS,ORANGE,CA,90630-5011,238220,66,Corporation,,Paid in Full,BMO Bank National Association,863373.75,2021-02-12,24,,agree,4116000.00,verified_standard_2.5x,SBA-PPP-150K,53698,3760a581dc3fd7ca12d09996aa360d749e075bcac517e5a6f7e92ae447a1cb8c
2404558302,biz-150,2,PPS,2021-01-20,634960.00,634960.00,TALENT AIR,10880 Walker St,Cypress,CA,90630-5011,Cypress,ORANGE,CA,90630-5011,238220,53,Corporation,,Paid in Full,BMO Bank National Association,639245.98,2021-09-29,60,,agree,3047808.00,verified_standard_2.5x,SBA-PPP-150K,62433,3760a581dc3fd7ca12d09996aa360d749e075bcac517e5a6f7e92ae447a1cb8c
8183587002,biz-151,1,PPP,2020-04-08,1357667.00,1357667.00,"THERMALAIR, INC.",1140 RED GUM ST,ANAHEIM,CA,92806-2516,ANAHEIM,ORANGE,CA,92806-2516,238220,55,Corporation,,Paid in Full,American Business Bank,1376302.37,2021-09-07,24,,agree,6516801.60,verified_standard_2.5x,SBA-PPP-150K,44646,3760a581dc3fd7ca12d09996aa360d749e075bcac517e5a6f7e92ae447a1cb8c
4047977804,biz-152,1,PPP,2020-05-27,150447.00,150447.00,TOM BRENNAN PLUMBING INC,6771 WARNER AVE #3657,HUNTINGTON BEACH,CA,92647-9000,HUNTINGTON BEACH,ORANGE,CA,92647-9000,238220,11,Subchapter S Corporation,,Paid in Full,"JPMorgan Chase Bank, National Association",152593.04,2021-11-04,24,,agree,722145.60,verified_standard_2.5x,SBA-PPP-150K,164353,3760a581dc3fd7ca12d09996aa360d749e075bcac517e5a6f7e92ae447a1cb8c
5806887307,biz-153,1,PPP,2020-04-30,858037.00,858037.00,"TRILOGY PLUMBING, INC.",1525 S. Sinclair Street,Anaheim,CA,92806,Anaheim,ORANGE,CA,92806-0100,238220,109,Corporation,,Paid in Full,BMO Bank National Association,865854.67,2021-03-31,24,,agree,4118577.60,verified_standard_2.5x,SBA-PPP-150K,53683,3760a581dc3fd7ca12d09996aa360d749e075bcac517e5a6f7e92ae447a1cb8c
9160597105,biz-154,1,PPP,2020-04-15,599170.00,599170.00,"TRITON AIR, INC.",1221 PUERTA DEL SOL STE 300,SAN CLEMENTE,CA,92673-6318,SAN CLEMENTE,ORANGE,CA,92673-6318,238220,36,Corporation,,Paid in Full,"Bank of America, National Association",604472.24,2021-03-10,24,,agree,2876016.00,verified_standard_2.5x,SBA-PPP-150K,64533,3760a581dc3fd7ca12d09996aa360d749e075bcac517e5a6f7e92ae447a1cb8c
8458667002,biz-155,1,PPP,2020-04-08,2065690.00,2065690.00,"TRUE AIR MECHANICAL, INC.",4 FARADAY,IRVINE,CA,92618-2714,IRVINE,ORANGE,CA,92618-2714,238220,200,Corporation,,Paid in Full,American Business Bank,2089289.8,2021-06-14,24,,agree,9915312.00,verified_standard_2.5x,SBA-PPP-150K,38896,3760a581dc3fd7ca12d09996aa360d749e075bcac517e5a6f7e92ae447a1cb8c
7133007207,biz-156,1,PPP,2020-04-28,259185.00,259185.00,UPPER V INC.,1830 E MIRALOMA AVE STE A,PLACENTIA,CA,92870-6744,PLACENTIA,ORANGE,CA,92870-6744,238220,26,Corporation,,Paid in Full,Pacific Premier Bank,262167.4,2021-06-28,24,,agree,1244088.00,verified_standard_2.5x,SBA-PPP-150K,110881,3760a581dc3fd7ca12d09996aa360d749e075bcac517e5a6f7e92ae447a1cb8c
5776218506,biz-156,2,PPS,2021-03-01,266940.00,266940.00,UPPER V INC.,1830 E Miraloma Ave,Placentia,CA,92870-6744,Placentia,ORANGE,CA,92870-6744,238220,26,Corporation,,Paid in Full,Northeast Bank,270472.38,2022-07-05,60,,agree,1281312.00,verified_standard_2.5x,SBA-PPP-150K,108659,3760a581dc3fd7ca12d09996aa360d749e075bcac517e5a6f7e92ae447a1cb8c
2676537206,biz-157,1,PPP,2020-04-16,1024700.00,1024700.00,"VERNE'S PLUMBING, INC.",8561 Whitaker Street,BUENA PARK,CA,90621,BUENA PARK,ORANGE,CA,90621-0001,238220,43,Subchapter S Corporation,,Paid in Full,"Zions Bank, A Division of",1030792.05,2020-11-23,60,,agree,4918560.00,verified_standard_2.5x,SBA-PPP-150K,49470,3760a581dc3fd7ca12d09996aa360d749e075bcac517e5a6f7e92ae447a1cb8c
9014107209,biz-158,1,PPP,2020-04-28,781500.00,781500.00,WALLACE P. JOHNSON PLUMBING & HEATING INC,1230 N. Jefferson Unit G.,ANAHEIM,CA,92807-1631,ANAHEIM,ORANGE,CA,92807-1631,238220,63,Subchapter S Corporation,,Paid in Full,CalPrivate Bank,788544.21,2021-03-31,24,,agree,3751200.00,verified_standard_2.5x,SBA-PPP-150K,56095,3760a581dc3fd7ca12d09996aa360d749e075bcac517e5a6f7e92ae447a1cb8c
7281168305,biz-159,2,PPS,2021-01-28,294847.00,294847.00,WATER HEATER MAN INC.,1361 N Hundley St,Anaheim,CA,92806-1301,Anaheim,ORANGE,CA,92806-1301,238220,25,Corporation,,Paid in Full,Live Oak Banking Company,296381.82,2021-08-18,60,,agree,1415265.60,verified_standard_2.5x,SBA-PPP-150K,101432,3760a581dc3fd7ca12d09996aa360d749e075bcac517e5a6f7e92ae447a1cb8c
9165047005,biz-160,1,PPP,2020-04-09,282700.00,282700.00,"WATER HEATER MAN, INC.",570 W Freedom Avenue,Orange,CA,92865,Orange,ORANGE,CA,92865-1001,238220,25,Corporation,,Paid in Full,Live Oak Banking Company,284456.57,2021-02-16,24,,agree,1356960.00,verified_standard_2.5x,SBA-PPP-150K,104282,3760a581dc3fd7ca12d09996aa360d749e075bcac517e5a6f7e92ae447a1cb8c
5533927005,biz-161,1,PPP,2020-04-05,332500.00,332500.00,WATER TECHNIQUES,2915 DAIMLER ST,SANTA ANA,CA,92705-5810,SANTA ANA,ORANGE,CA,92705-5810,238220,23,Corporation,,Paid in Full,Enterprise Bank & Trust,334649.86,2020-12-10,24,,agree,1596000.00,verified_standard_2.5x,SBA-PPP-150K,93309,3760a581dc3fd7ca12d09996aa360d749e075bcac517e5a6f7e92ae447a1cb8c
6798507106,biz-162,1,PPP,2020-04-14,458700.00,458700.00,"WESTAR PLUMBING COMPANY, INC.",17065 Palmdale Ln,HUNTINGTON BEACH,CA,92647,HUNTINGTON BEACH,ORANGE,CA,92647-0001,238220,30,Corporation,,Paid in Full,"Zions Bank, A Division of",465184.64,2021-09-15,60,,agree,2201760.00,verified_standard_2.5x,SBA-PPP-150K,75618,3760a581dc3fd7ca12d09996aa360d749e075bcac517e5a6f7e92ae447a1cb8c
7330657006,biz-163,1,PPP,2020-04-07,902400.00,902400.00,WHITE MECHANICAL INC,27221 BURBANK,FOOTHILL RANCH,CA,92610-2500,FOOTHILL RANCH,ORANGE,CA,92610-2500,238220,64,Corporation,,Paid in Full,"California Bank of Commerce, NA",910978.98,2021-03-31,24,,agree,4331520.00,verified_standard_2.5x,SBA-PPP-150K,52399,3760a581dc3fd7ca12d09996aa360d749e075bcac517e5a6f7e92ae447a1cb8c
7148818605,biz-164,2,PPS,2021-03-23,242500.00,242500.00,XL FIRE PROTECTION CO-ESOP,3022 N Hesperian St 3022 N Hesperian Street,Santa Ana,CA,92706-1151,Santa Ana,ORANGE,CA,92706-1151,238220,42,Corporation,,Paid in Full,CommerceWest Bank,243571.04,2021-09-01,60,,agree,1164000.00,verified_standard_2.5x,SBA-PPP-150K,116550,3760a581dc3fd7ca12d09996aa360d749e075bcac517e5a6f7e92ae447a1cb8c
6407997705,biz-165,1,PPP,2020-05-01,202458.00,192189.00,XTREME PLUMBERS INC,10611 CALLE LEE STE 119,LOS ALAMITOS,CA,90720-6792,LOS ALAMITOS,ORANGE,CA,90720-6792,238220,14,Corporation,,Paid in Full,"Bank of America, National Association",204011.1,2021-02-12,24,,agree,,unknown: amount_changed_after_approval,SBA-PPP-150K,133071,3760a581dc3fd7ca12d09996aa360d749e075bcac517e5a6f7e92ae447a1cb8c
3661327106,biz-166,1,PPP,2020-04-11,470000.00,470000.00,"ZARETSKY ENGINEERING SOLUTIONS, INC.",16520 HARBOR BLVD STE F,FOUNTAIN VALLEY,CA,92708-1353,FOUNTAIN VALLEY,ORANGE,CA,92708-1353,238220,28,Corporation,,Paid in Full,Banc of California,473232.05,2020-12-23,24,,agree,2256000.00,verified_standard_2.5x,SBA-PPP-150K,74509,3760a581dc3fd7ca12d09996aa360d749e075bcac517e5a6f7e92ae447a1cb8c
