biz_id,source_id,ack_id,ein,sponsor,sponsor_address,sponsor_state,name_relation,plan_begin,plan_end,filed,benefit_codes
biz-010,DOL-5500SF-2025,20260611123748NAL0017398002001,452445848,AIR-FLOW MECHANICAL INC,"11500 ROCK FIELD COURT, CINCINNATI OH 45241",OH,E,2025-01-01,2025-12-31,2026-06-11,2E2F2G2J2K2S2T3D
biz-010,DOL-5500SF-2024,20250605172249NAL0020614960001,452445848,AIR-FLOW MECHANICAL INC,"11500 ROCK FIELD COURT, CINCINNATI OH 45241",OH,E,2024-01-01,2024-12-31,2025-06-05,2E2F2G2J2K2S2T3D
biz-010,DOL-5500SF-2023,20240912081401NAL0016540338001,452445848,AIR-FLOW MECHANICAL INC,"11500 ROCK FIELD COURT, CINCINNATI OH 45241",OH,E,2023-01-01,2023-12-31,2024-09-12,2E2F2G2J2K2S2T3D
biz-028,DOL-5500SF-2025,20260714135744NAL0002002576001,201837563,"APEX FIRE SYSTEMS, INC.","13900 ALTON PARKWAY, SUITE 122, IRVINE CA 92618",CA,E,2025-01-01,2025-09-30,2026-07-14,2A2E2F2H2J2K3D2R
biz-028,DOL-5500SF-2024,20250706185110NAL0001579107001,201837563,"APEX FIRE SYSTEMS, INC.","13900 ALTON PARKWAY, SUITE 122, IRVINE CA 92618",CA,E,2024-01-01,2024-12-31,2025-07-06,2A2E2F2H2J2K3D2R
biz-028,DOL-5500SF-2023,20240617173354NAL0001166531001,201837563,"APEX FIRE SYSTEMS, INC.","13900 ALTON PARKWAY, SUITE 122, IRVINE CA 92618",CA,E,2023-01-01,2023-12-31,2024-06-17,2A2E2F2H2J2K3D2R
biz-037,DOL-5500-2024,20250902084156NAL0024161520001,843789998,"BEEBE ENTERPRISES, INC.","250 PALM COAST NE, PALM COAST FL 32137",FL,C,2024-01-01,2024-12-31,2025-09-02,2E2J2K2G2R3D3H
biz-037,DOL-5500-2024,20250923054213NAL0014160322001,843789998,"BEEBE ENTERPRISES, INC.","27 MAHOE DRIVE N, PALM COAST FL 32137",FL,C,2025-01-01,2025-08-31,2025-09-23,2E2J2K2G2R3D3H
biz-037,DOL-5500-2023,20240621062041NAL0003343024001,843789998,"BEEBE ENTERPRISES, INC.","250 PALM COAST NE, PALM COAST FL 32137",FL,C,2023-01-01,2023-12-31,2024-06-21,2E2J2K2G2R3D3H
biz-041,DOL-5500SF-2025,20260518202105NAL0000412705001,912067888,B & B PLUMBING INC,"PO BOX 3129, TRUCKEE CA 961603129",CA,E,2025-01-01,2025-12-31,2026-05-18,2E2F2G2J2T3D
biz-041,DOL-5500SF-2024,20250828090548NAL0010326161001,912067888,B & B PLUMBING INC,"PO BOX 3129, TRUCKEE CA 961603129",CA,E,2024-01-01,2024-12-31,2025-08-28,2E2F2G2J2T3D
biz-041,DOL-5500SF-2024,20250703083616NAL0000522113001,391223276,"B & B PLUMBING, INC.","1108 HOESCHLER DRIVE, SPARTA WI 54656",WI,E,2024-01-01,2024-12-31,2025-07-03,2E2F2G2J2T3D
biz-041,DOL-5500SF-2023,20241007150700NAL0007708403001,391223276,"B & B PLUMBING, INC.","1108 HOESCHLER DRIVE, SPARTA WI 54656",WI,E,2023-01-01,2023-12-31,2024-10-07,2E2F2G2J2K2T3D
biz-060,DOL-5500-2024,20251006185604NAL0003913521001,200871290,CRITCHFIELD MECHANICAL INC. OF SOUTHERN CALIFORNIA,"1901 JUNCTION AVENUE, SAN JOSE CA 95131",CA,E,2024-01-01,2024-12-31,2025-10-06,2F2G2J2K2T2E3D
biz-060,DOL-5500-2023,20241003124459NAL0017075792001,200871290,CRITCHFIELD MECHANICAL INC. OF SOUTHERN CALIFORNIA,"1901 JUNCTION AVENUE, SAN JOSE CA 95131",CA,E,2023-01-01,2023-12-31,2024-10-03,2F2G2J2K2T2E3D
biz-064,DOL-5500SF-2025,20260721124930NAL0015578002001,471623554,DONE RITE PLUMBING AND ROOTER,"6725 W DRY CREEK RD, BOISE ID 83714",ID,E,2025-01-01,2025-12-31,2026-07-21,2E2F2G2J2K2T3D
biz-064,DOL-5500SF-2024,20250717142743NAL0000450193001,471623554,DONE RITE PLUMBING AND ROOTER,"10221 RANDALL ST, ORANGE CA 92869",CA,E,2024-01-01,2024-12-31,2025-07-17,2E2F2G2J2K2T3D
biz-064,DOL-5500SF-2023,20240912204102NAL0005490995001,471623554,DONE RITE PLUMBING AND ROOTER,"10221 RANDALL ST, ORANGE CA 92869",CA,E,2023-01-01,2023-12-31,2024-09-12,2E2F2G2J2K2T3D
biz-069,DOL-5500-2024,20250820151834NAL0001666243001,741916957,ELITE PLUMBING CORPORATION,"13645 WESTLAND EAST BLVD., HOUSTON TX 77041",TX,C,2024-01-01,2024-11-29,2025-08-20,2G2J2K2T2E2F3D
biz-069,DOL-5500-2023,20240522074007NAL0006649440001,741916957,ELITE PLUMBING CORPORATION,"13645 WESTLAND EAST BLVD., HOUSTON TX 77041",TX,C,2023-01-01,2023-12-31,2024-05-22,2G2J2K2T3D2E2F
biz-076,DOL-5500SF-2024,20250908135735NAL0019525089001,205881937,GIGAWATT INC.,"310 E ORANGETHORPE AVE, PLACENTIA CA 92870",CA,E,2024-01-01,2024-12-31,2025-09-08,2A2E2J2K2F2G3D
biz-076,DOL-5500SF-2023,20241007155438NAL0007746899001,205881937,GIGAWATT INC.,"310 E ORANGETHORPE AVE, PLACENTIA CA 92870",CA,E,2023-01-01,2023-12-31,2024-10-07,2A2E2J2K2F2G3D
biz-090,DOL-5500SF-2025,20260623142615NAL0009154512001,330789535,"KIRK PLUMBING, INC.","1151 POMONA ROAD, SUITE L, CORONA CA 928826916",CA,E,2025-01-01,2025-12-31,2026-06-23,2E2F2G2J2K2T3D
biz-090,DOL-5500SF-2024,20250506161822NAL0014809040001,330789535,"KIRK PLUMBING, INC.","1151 POMONA ROAD, SUITE L, CORONA CA 928826916",CA,E,2024-01-01,2024-12-31,2025-05-06,2E2F2G2J2K2T3D
biz-094,DOL-5500SF-2025,20260714185443NAL0001994481001,571176287,"LEGACY PLUMBING COMPANY, INC.","1200 NATE COVE, CORDOVA TN 38018",TN,C,2025-01-01,2025-12-31,2026-07-14,2E2F2G2J2K2T3D2S
biz-094,DOL-5500SF-2025,20260722192215NAL0010520867001,994567446,LEGACY PLUMBING COMPANY LLC,"1814 WAIHEE ST, HONOLULU HI 96817",HI,C,2025-08-01,2025-12-31,2026-07-22,2E2F2G2J2K2S2T3D
biz-094,DOL-5500SF-2025,20260424141951NAL0005790753001,821191268,LEGACY PLUMBING LLC,"3522 4TH AVE S, FARGO ND 581032224",ND,C,2025-01-01,2025-12-31,2026-04-24,2E2F2G2J2K2T3D
biz-094,DOL-5500SF-2024,20250715154538NAL0005097282001,821191268,LEGACY PLUMBING LLC,"3522 4TH AVE S, FARGO ND 581032224",ND,C,2024-01-01,2024-12-31,2025-07-15,2E2F2G2J2K2T3D
biz-094,DOL-5500SF-2024,20250717094518NAL0000089024001,452367006,LEGACY PLUMBING COMPANY,"709 BUCKHORN DR, LAKE ORION MI 483622823",MI,C,2025-01-01,2025-03-14,2025-07-17,2E2F2G2J2K2S2T3D
biz-094,DOL-5500SF-2024,20250925111145NAL0010401107001,452367006,LEGACY PLUMBING COMPANY,"709 BUCKHORN DR, LAKE ORION MI 483622823",MI,C,2024-01-01,2024-12-31,2025-09-25,2E2F2G2J2K2S2T3D
biz-094,DOL-5500SF-2024,20250916094226NAL0001838305001,571176287,"LEGACY PLUMBING COMPANY, INC.","1200 NATE COVE, CORDOVA TN 38018",TN,C,2024-01-01,2024-12-31,2025-09-16,2E2F2G2J2K2T3D2S
biz-094,DOL-5500SF-2023,20240819202613NAL0001998433001,571176287,"LEGACY PLUMBING COMPANY, INC.","120 NATE COVE, CORDOVA TN 38018",TN,C,2023-01-01,2023-12-31,2024-08-19,2E2F2G2J2K2T3D2S
biz-094,DOL-5500SF-2023,20240722143105NAL0010118001001,452367006,LEGACY PLUMBING COMPANY,"709 BUCKHORN DRIVE, LAKE ORION MI 48362",MI,C,2023-01-01,2023-12-31,2024-07-22,2E2F2G2J2K2S2T3D
biz-094,DOL-5500SF-2023,20240725073500NAL0009007251001,821191268,LEGACY PLUMBING LLC,"3522 4TH AVE S, FARGO ND 58103",ND,C,2023-01-01,2023-12-31,2024-07-25,2E2F2G2J2K2T3D
biz-100,DOL-5500SF-2025,20260731115557NAL0024642689001,900627040,MERTZ ENTERPRISES INC. DBA DB SALES,"2301 E WINSTON RD, ANAHEIM CA 92806",CA,E,2025-01-01,2025-12-31,2026-07-31,2A2E2F2G2J2K2T3D
biz-100,DOL-5500SF-2024,20250923163355NAL0015339426001,900627040,MERTZ ENTERPRISES INC DBA DB SALES & SERVICE,"2301 E. WINSTON RD., ANAHEIM CA 92806",CA,E,2024-01-01,2024-12-31,2025-09-23,2F2G2J2K3D
biz-100,DOL-5500SF-2023,20241015120034NAL0029509233001,900627040,MERTZ ENTERPRISES INC DBA DB SALES & SERVICE,"2301 E. WINSTON RD., ANAHEIM CA 92806",CA,E,2023-01-01,2023-12-31,2024-10-15,2F2G2J2K3D
biz-109,DOL-5500SF-2025,20260923163450NAL0007053795001,203153678,"PACIFIC WEST INDUSTRIES, INC.","1912 W BUSINESS CENTER DR, ORANGE CA 928677906",CA,E,2025-01-01,2025-12-31,2026-09-23,2A2E2F2G2J2S2T3D
biz-109,DOL-5500SF-2024,20251010180105NAL0004845283001,203153678,"PACIFIC WEST INDUSTRIES, INC.","1912 W BUSINESS CENTER DR, ORANGE CA 928677906",CA,E,2024-01-01,2024-12-31,2025-10-10,2A2E2F2G2J2S2T3D
biz-109,DOL-5500SF-2023,20240530194849NAL0014187985001,203153678,"PACIFIC WEST INDUSTRIES, INC.","1912 W BUSINESS CENTER DR, ORANGE CA 928677906",CA,E,2023-01-01,2023-12-31,2024-05-30,2A2E2F2G2J2S2T3D
biz-119,DOL-5500SF-2023,20250527145140NAL0016278834001,953123835,PRO MECHANICAL CORPORATION,"17651 AMAGANSET WAY, TUSTIN CA 92780",CA,E,2023-11-01,2024-10-31,2025-05-27,2E3D
biz-120,DOL-5500SF-2025,20260716073444NAL0002952867002,273144504,PROCESS CELLULAR INC.,"1391 SPECIALITY DR, SUITE A, VISTA CA 92081",CA,E,2025-01-01,2025-12-31,2026-07-16,2A2E2F2G2J2K2T3D
biz-120,DOL-5500SF-2024,20250602122148NAL0009517681001,273144504,PROCESS CELLULAR INC.,"1391 SPECIALITY DR, SUITE A, VISTA CA 92081",CA,E,2024-01-01,2024-12-31,2025-06-02,2A2E2F2G2J2K2T3D
biz-120,DOL-5500SF-2023,20240701085748NAL0007768706006,273144504,PROCESS CELLULAR INC. DBA PROCELL,"1391 SPECIALTY DRIVE, VISTA CA 92081",CA,E,2023-01-01,2023-12-31,2024-07-01,2E2F2G2J2K2T3D
biz-130,DOL-5500SF-2025,20260723050827NAL0016926000001,270554721,RGA ROOTER &AMP PLUMBING INC,"10552 FREDRICK DR, VILLA PARK CA 92861",CA,E,2025-01-01,2025-12-31,2026-07-23,2E2F2G2J2K2T3D
biz-133,DOL-5500SF-2024,20250929162504NAL0014099712001,205029210,"SCOTT ENGLISH PLUMBING, INC.","3744 E. RIDGEWAY ROAD, ORANGE CA 928672144",CA,E,2024-01-01,2024-12-31,2025-09-29,2A2E2F2G2J2T3D
biz-137,DOL-5500SF-2025,20260610060913NAL0005213217001,330191326,SONSHINE PLUMBING INC,"13202 RANCHWOOD ROAD, TUSTIN CA 92782",CA,E,2025-01-01,2025-12-31,2026-06-10,2E2F2G2J2K2S2T3D
biz-137,DOL-5500SF-2024,20250822050635NAL0004826257001,330191326,SONSHINE PLUMBING INC,"13201 RANCHWOOD RD, TUSTIN CA 92782",CA,E,2024-01-01,2024-12-31,2025-08-22,2E2F2G2J2K2S2T3D
biz-139,DOL-5500SF-2023,20240209074321NAL0021236995001,472813128,"SPECTRUM MECHANICAL, LLC","2160 SUNNYDALE BLVD, CLEARWATER FL 33765",FL,C,2023-01-01,2023-12-13,2024-02-09,2F2G2J2K3D
biz-155,DOL-5500-2024,20251015164546NAL0002769187001,273944870,"TRUE AIR MECHANICAL, INC.","1801 CALIFORNIA AVE, CORONA CA 92881",CA,E,2024-01-01,2024-12-31,2025-10-15,2I2P3I
biz-155,DOL-5500-2024,20251015164029NAL0006952864001,273944870,"TRUE AIR MECHANICAL, INC.","1801 CALIFORNIA AVENUE, CORONA CA 92881",CA,E,2024-01-01,2024-12-31,2025-10-15,2E2F2G2J2K2T3D3H
biz-155,DOL-5500-2023,20250124120819NAL0012953584001,273944870,"TRUE AIR MECHANICAL, INC.","1801 CALIFORNIA AVE, CORONA CA 92881",CA,E,2023-01-01,2023-12-31,2025-01-24,2I2P3I
biz-160,DOL-5500SF-2024,20251010090548NAL0004086979001,953306646,"WATER HEATER MAN, INC.","1361 N. HUNDLEY ST., ANAHEIM CA 92806",CA,E,2024-01-01,2024-12-31,2025-10-10,2E2F2G2J2K3D2A
biz-160,DOL-5500SF-2023,20251009122529NAL0015494850001,953306646,"WATER HEATER MAN, INC.","1361 N. HUNDLEY ST., ANAHEIM CA 92806",CA,E,2023-01-01,2023-12-31,2025-10-09,2E2F2G2J2K3D2A
