biz_id,status,identity_key,first_seen_utc,loan_numbers,merged_into
biz-001,active,A PLUS GENERAL CONTRACTORS INC|11330 KNOTT ST|92841,2026-10-06T01:19:04Z,9481018408,
biz-002,active,AA ATLAS INC|17120 MARDA AVE|92886,2026-10-06T01:19:04Z,6968457304,
biz-003,active,ABSOLUTE AIRFLOW INC|14081 WILLOW LN|92683,2026-10-06T01:19:04Z,3549287107,
biz-004,active,AC ALL STAR|2294 N BATAVIA ST|92865,2026-10-06T01:19:04Z,3484528003,
biz-005,active,ACCUTHERM REFRIGERATION INC|11264 MONARCH ST|92841,2026-10-06T01:19:04Z,4230937703,
biz-006,active,ADAMS AND ROBINSON ENTERPRISES|16511 BURKE LN|92647,2026-10-06T01:19:04Z,9060337906,
biz-007,active,ADELPHIA INC|1702 W 5TH ST|92703,2026-10-06T01:19:04Z,1142727107;8445048306,
biz-008,active,ADVANCE FIRE PROTECTION CO INC|1451 W LAMBERT RD|90631,2026-10-06T01:19:04Z,7792038706,
biz-009,active,ADVANCED BACKFLOW ROOTING AND PLUMBING INC|1401 N KRAEMER BLVD|92806,2026-10-06T01:19:04Z,7072817209,
biz-010,active,AIR FLOW MECHANICAL INC|5120 E LA PALMA AVE 203|92807,2026-10-06T01:19:04Z,1615588600;4403627703,
biz-011,active,AIRE RITE A C AND REFRIGERATION|15122 BOLSA CHICA ST|92649,2026-10-06T01:19:04Z,2922668409,
biz-012,active,AIRE RITE AIR CONDITIONING|15122 BOLSA CHICA ST|92649,2026-10-06T01:19:04Z,3449947107,
biz-013,active,AIRTRONIX INC|6 FOXGLOVE WAY|92612,2026-10-06T01:19:04Z,4440157202;5486978502,
biz-014,active,ALDOC INC|910 E ORANGEFAIR LN|92801,2026-10-06T01:19:04Z,3965467700,
biz-015,active,ALICIA AIR CONDITIONING AND AMP HEATING INC|26824 VISTA TER|92630,2026-10-06T01:19:04Z,5035257710,
biz-016,active,ALISO AIR INC|29736 AVENIDA DE LAS BANDERAS|92688,2026-10-06T01:19:04Z,3535747102,
biz-017,active,ALL PURPOSE FIRE EXTINGUISHER CORP|25132 TASMAN|92653,2026-10-06T01:19:04Z,2828817207,
biz-018,active,ALLIANCE HEATING AND AIR CONDITIONING INC|324 E DYER RD|92707,2026-10-06T01:19:04Z,8593258301,
biz-019,active,ALLIANCE HEATING AND AMP AIR CONDITIONING INC|324 DYER RD E|92707,2026-10-06T01:19:04Z,8148837707,
biz-020,active,ALPS AIR CONDITIONING AND HEATING INC|1895 S SANTA CRUZ ST|92805,2026-10-06T01:19:04Z,7175467105,
biz-021,active,ALTAIR SOLAR INC|15375 BARRANCA PKWY|92618,2026-10-06T01:19:04Z,6238497706,
biz-022,active,AMBIANCE HEATING AND AIR|3028 LA AVE E|92806,2026-10-06T01:19:04Z,3637518710,
biz-023,active,AMBIANCE HEATING AND AMP AIR INC|3028 LA AVE E|92806,2026-10-06T01:19:04Z,7304827702,
biz-024,active,AMERI CAL REPIPE AND PLUMBING INC|6900 KNOTT AVE|90621,2026-10-06T01:19:04Z,3380818808;3976217701,
biz-025,active,AMERICAN CONTRACTORS INC|404 BLUERIDGE AVE|92865,2026-10-06T01:19:04Z,9250607001,
biz-026,active,AMERICAN COOLING TOWER INC|3130 W HARVARD ST|92704,2026-10-06T01:19:04Z,9504359002,
biz-027,active,ANAHEIM REFRIGERATION INC|3309 E MIRALOMA AVE|92806,2026-10-06T01:19:04Z,5528978305,
biz-028,active,APEX FIRE SYSTEMS INC|2961 W MACARTHUR BLVD|92704,2026-10-06T01:19:04Z,3014487210,
biz-029,active,APPLIED AIR CONDITIONING INC|4250 ARTESIA AVE|92833,2026-10-06T01:19:04Z,3980147402,
biz-030,active,AQUAKLEEN PRODUCTS INC|1590 METRO DR|92626,2026-10-06T01:19:04Z,6414658310,
biz-031,active,ASSOCIATED HEATING AND AIR INC|1320 N HANCOCK ST|92807,2026-10-06T01:19:04Z,7110868810;8533587308,
biz-032,active,AUTOMATIC FIRE SPRINKLERS INC|7272 MARS DR|92647,2026-10-06T01:19:04Z,5533597100,
biz-033,active,BARKER AND SONS PLUMBING INC|1827 N CASE ST|92865,2026-10-06T01:19:04Z,5257397102,
biz-034,active,BARNES SOLAR INC|29422 ANA MARIA LN|92677,2026-10-06T01:19:04Z,3888548506,
biz-035,active,BARNES SOLAR INC|23201 ORANGE AVE|92630,2026-10-06T01:19:04Z,8597977110,
biz-036,active,BEC ELECTRIC INC|245|92821,2026-10-06T01:19:04Z,1740308302,
biz-037,active,BEEBE ENTERPRISES LLC|9891 IRVINE CENTER DR|92618,2026-10-06T01:19:04Z,7153827007,
biz-038,active,BENNETTS PLUMBING INC|3030 S FAIRVIEW B|92704,2026-10-06T01:19:04Z,4111048308;5304637106,
biz-039,active,BENRICH SERVICE CO INC|3190 AIRPORT LOOP DR|92626,2026-10-06T01:19:04Z,4457517003,
biz-040,active,BIARD AND CROCKETT PLUMBING SERVICE INC|320 E KATELLA AVE|92867,2026-10-06T01:19:04Z,1823837405,
biz-041,active,BLAINE ENTERPRISES INC|1340 N HANCOCK ST|92807,2026-10-06T01:19:04Z,5399617701,
biz-042,active,BLAKE AIR CONDITIONING AND SERVICE CO INC|1175 N OSPREY CIR|92807,2026-10-06T01:19:04Z,4990697303,
biz-043,active,BLUON INC|18 BUNSEN ST|92618,2026-10-06T01:19:04Z,1588537310,
biz-044,active,BOTTOM LINE UTILITY SOLUTIONS INC|23015 DEL LAGO DR|92653,2026-10-06T01:19:04Z,2103568301;9783847006,
biz-045,active,BRADLEY MECHANICAL INC|10625 LAWSON RIVER AVE|92708,2026-10-06T01:19:04Z,9615107106,
biz-046,active,BREA ORANGE COUNTY PLUMBING HEATING AND AIR CONDITIONING INC|420 W LAMBERT RD|92821,2026-10-06T01:19:04Z,1166217308,
biz-047,active,BRYMAX CONSTRUCTION SERVICES INC|7436 LORGE CIR|92647,2026-10-06T01:19:04Z,4760257305,
biz-048,active,C AND AMP L REFRIGERATION CORP|4111 N PALM ST|92835,2026-10-06T01:19:04Z,7950707706,
biz-049,active,C AND L REFRIGERATION NEVADA LLC|4111 N PALM ST|92835,2026-10-06T01:19:04Z,7393987901,
biz-050,active,CALIFORNIA COAST PLUMBERS INC|4075 LA AVE E|92807,2026-10-06T01:19:04Z,7389727705,
biz-051,active,CALIFORNIA ROOTER AND PLUMBING INC|1905 E DEERE AVE|92705,2026-10-06T01:19:04Z,7923427100,
biz-052,active,COAST PLUMBING HEATING AND AIR INC|17390 MOUNT CLIFFWOOD CIR|92708,2026-10-06T01:19:04Z,3882987109,
biz-053,active,COMPETITIVE PIPELINE INC|11 HAWTHORNE LN|92679,2026-10-06T01:19:04Z,4536317708,
biz-054,active,COMPLETE THERMAL SERVICES|11570 SEABOARD CIR|90680,2026-10-06T01:19:04Z,5151058506,
biz-055,active,CONTEMPORARY HEATING AND AMP AIR CONDITIONING INC|1750 E MIRALOMA AVE|92870,2026-10-06T01:19:04Z,4992207703,
biz-056,active,CONTROL KOMFORT SYSTEMS INC|6840 ORANGETHORPE AVE|90620,2026-10-06T01:19:04Z,5902988505;7022297700,
biz-057,active,COUNTY HEATING AND AIR CONDITIONING INC|1948 COLLINS AVE W|92867,2026-10-06T01:19:04Z,6832057107,
biz-058,active,CRANDALLS PLUMBING INC|18291 GOTHARD ST|92648,2026-10-06T01:19:04Z,3158058303;9951847202,
biz-059,active,CREATIVE DESIGN PLUMBING INC|17271 ARGO CIR|92647,2026-10-06T01:19:04Z,9417347107,
biz-060,active,CRITCHFIELD MECHANICAL INC OF SOUTHERN CALIFORNIA|15391 SPRINGDALE ST|92649,2026-10-06T01:19:04Z,3513958406;8506167109,
biz-061,active,DEPENDABLE GRAHAM AIR CONDITIONING INC|2952 CENTURY PL|92626,2026-10-06T01:19:04Z,4307998400,
biz-062,active,DIMAR ENTERPRISES INC|26021 PALA|92691,2026-10-06T01:19:04Z,9376128306,
biz-063,active,DOHENY PLUMBING INC|1210 PUERTA DEL SOL|92673,2026-10-06T01:19:04Z,2451048501;6385727300,
biz-064,active,DONE RITE PLUMBING AND ROOTER|1140 N KRAEMER BLVD|92706,2026-10-06T01:19:04Z,3694757102,
biz-065,active,DYMEKS FREEDOM PLUMBING INC|2921 E MIRALOMA AVE|92806,2026-10-06T01:19:04Z,6774917204,
biz-066,active,DYNAMIC AIR SERVICES INC|25652 COMMERCENTRE DR|92630,2026-10-06T01:19:04Z,7722347104,
biz-067,active,E AND AMP M MECHANICAL INC|12 HAMMOND AVE|92618,2026-10-06T01:19:04Z,7923657709,
biz-068,active,E AND M MECHANICAL INC|12 HAMMOND|92618,2026-10-06T01:19:04Z,5921688406,
biz-069,active,ELITE PLUMBING INC|1329 E SAINT GERTRUDE PL|92705,2026-10-06T01:19:04Z,4774727708,
biz-070,active,ENVIRONMENT CONTROL PUENTE HILLS INC|570 W LAMBERT RD|92821,2026-10-06T01:19:04Z,5495187703,
biz-071,active,FAMILY PLUMBER INC THE|3613 BRIGGEMAN DR|90720,2026-10-06T01:19:04Z,5926067705,
biz-072,active,FIRE SERVICE CORP|25132 TASMAN RD|92653,2026-10-06T01:19:04Z,2883177110;7247118504,
biz-073,active,FM THOMAS AIR CONDITIONING INC|231 GEMINI AVE|92821,2026-10-06T01:19:04Z,2532038402;4007647108,
biz-074,active,FOUR SEASONS AIR INC|8585 KATELLA AVE|90680,2026-10-06T01:19:04Z,6032017707,
biz-075,active,GENERAL UNDERGROUND FIRE PROTE|701 W GROVE AVE|92865,2026-10-06T01:19:04Z,4426107006,
biz-076,active,GIGAWATT INC|1630 S SUNKIST ST|92806,2026-10-06T01:19:04Z,1872567708,
biz-077,active,GUARANTEED QUALITY RESTORATION INC|15560 ROCKFIELD BLVD|92618,2026-10-06T01:19:04Z,7144657307,
biz-078,active,HARBOR POINTE AIR CONDITIONING AND CONTROL SYSTEMS INC|720 S RICHFIELD RD|92870,2026-10-06T01:19:04Z,4984847402,
biz-079,active,HOOD PACIFIC CONTRACTORS INC|3002 DOW AVE|92780,2026-10-06T01:19:04Z,2601737202;7885868402,
biz-080,active,IRVINE VALLEY AIR CONDITIONING INC|2961 E CORONADO ST|92806,2026-10-06T01:19:04Z,4761898100,
biz-081,active,J MARTIN INDOOR AIR QUALITY LLC|22343 LA PALMA AVE|92887,2026-10-06T01:19:04Z,3697887210,
biz-082,active,JACOT PLUMBING INC|11661 SALINAZ AVE|92843,2026-10-06T01:19:04Z,5685007108,
biz-083,active,JHL ENTERPRISES INC|27176 BURBANK|92610,2026-10-06T01:19:04Z,4142557206,
biz-084,active,JIMMY ROWELL|216 N RANDOLPH AVE|92821,2026-10-06T01:19:04Z,1435658001,
biz-085,active,JOHN FLYNN ORANGE COAST PLUMBING INC|1506 N CLINTON|92703,2026-10-06T01:19:04Z,6274037400,
biz-086,active,JOHNSON DIVERSIFIED INC|29802 AVENIDA DE LAS BANDERAS|92688,2026-10-06T01:19:04Z,2130218307;2499807104,
biz-087,active,JUSTINTIME PLUMBING INC|331 W BAY ST|92627,2026-10-06T01:19:04Z,2520317301,
biz-088,active,K KALKA HEATING PLUMBING AND AIR INC|15550 ROCKFIELD BLVD A 100|92618,2026-10-06T01:19:04Z,9148397101,
biz-089,active,KEN STARR INC|1120 N TUSTIN AVE|92807,2026-10-06T01:19:04Z,4640488600;4644137100,
biz-090,active,KIRK PLUMBING INC|5442 MOUNTAINVIEW AVE|92886,2026-10-06T01:19:04Z,4912897309;6675358301,
biz-091,active,KNIGHT MECHANICAL SERVICE INC|22967 LA CADENA DR|92653,2026-10-06T01:19:04Z,7859337102,
biz-092,active,KRAUSE A C T INC|411 ROWLAND AVE|92707,2026-10-06T01:19:04Z,7755797204,
biz-093,active,LAS COLINAS|600 S JEFFERSON ST|92870,2026-10-06T01:19:04Z,6372848407;6921987302,
biz-094,active,LEGACY PLUMBING|216 N RANDOLPH AVE|92821,2026-10-06T01:19:04Z,3710628400;7914558109,
biz-095,active,M3 HVAC|1019 E LACY AVE|92805,2026-10-06T01:19:04Z,5384037102,
biz-096,active,MCCLANAHAN INC|12 GARDENIA|92630,2026-10-06T01:19:04Z,3449628406;4595847006,
biz-097,active,MDDR INC|555 VANGUARD WAY|92821,2026-10-06T01:19:04Z,3971167101,
biz-098,active,MECHANIC REFRIGERATION CO INC|5616 CORPORATE AVE|90630,2026-10-06T01:19:04Z,9211517104,
biz-099,active,MECHANICAL TECHNOLOGY SYSTEMS INC|1407 N BATAVIA ST|92867,2026-10-06T01:19:04Z,6959327407,
biz-100,active,MERTZ ENTERPRISES INC|11582 MARKON DR|92841,2026-10-06T01:19:04Z,1119238405;3966737101,
biz-101,active,MIKE COTTLE PLUMBING CO INC|10652 TRASK AVE|92843,2026-10-06T01:19:04Z,1621668705;7405917704,
biz-102,active,NEPTUNE FIRE PROTECTION INC|26072 MERIT CIR|92653,2026-10-06T01:19:04Z,2045108609;4632597700,
biz-103,active,NETWORK ROOTER AND AMP PLUMBING INC|17330 NEWHOPE ST|92708,2026-10-06T01:19:04Z,3890257701,
biz-104,active,NEXGEN AIR CONDITIONING AND HEATING INC|700 N VALLEY ST|92801,2026-10-06T01:19:04Z,5146617703,
biz-105,active,NEXUS ENERGY SYSTEMS INC|2530 E CERRITOS AVE|92806,2026-10-06T01:19:04Z,5224057708,
biz-106,active,ORANGE COUNTY AIR CONDITIONING INC|2952 CENTURY PL|92626,2026-10-06T01:19:04Z,1867067205,
biz-107,active,ORANGE COUNTY PUMPING INC|630 S HATHAWAY ST|92705,2026-10-06T01:19:04Z,2244557208,
biz-108,active,PACIFIC PLUMBING CO OF SANTA ANA|615 E WASHINGTON AVE|92702,2026-10-06T01:19:04Z,4128768308;4559117209,
biz-109,active,PACIFIC WEST INDUSTRIES INC|4051 E LA PALMA AVE|92807,2026-10-06T01:19:04Z,2459408409,
biz-110,active,PENNINE PLUMBING INC|1139 S PLACENTIA AVE|92831,2026-10-06T01:19:04Z,1735957700,
biz-111,active,PIPE RESTORATION INC|3122 W ALPINE ST|92704,2026-10-06T01:19:04Z,4784468310;5441497206,
biz-112,active,PIPELINE RESTORATION PLUMBING INC|2700 S MAIN ST|92707,2026-10-06T01:19:04Z,4173118300,
biz-113,active,PLUMBING PIPING AND CONSTRUCTION INC|5950 LAKESHORE DR|90630,2026-10-06T01:19:04Z,2417027103,
biz-114,active,POWER EDGE SOLUTIONS INC|1910 VIA E|92806,2026-10-06T01:19:04Z,8730137301,
biz-115,active,POWERHOUSE COMBUSTION AND MECHANICAL CORP|3410 W MAYWOOD AVE|92704,2026-10-06T01:19:04Z,2566287300,
biz-116,active,PPC AIR CONDITIONING INC|5950 LAKESHORE DR|90630,2026-10-06T01:19:04Z,2410287108,
biz-117,active,PPC SERVICE INC|5950 LAKESHORE DR|90630,2026-10-06T01:19:04Z,2425307104,
biz-118,active,PRISTINE PLUMBING INC|16 TECHNOLOGY DR|92618,2026-10-06T01:19:04Z,8105497309;9085108409,
biz-119,active,PRO MECHANICAL CORP|507 W BLUERIDGE AVE|92865,2026-10-06T01:19:04Z,4773777710,
biz-120,active,PROCESS CELLULAR INC|3020 W HARVARD ST|92704,2026-10-06T01:19:04Z,5458847004,
biz-121,active,PROFESSIONAL PLUMBING AND DRAIN CLEANING INC|2292 N BATAVIA ST|92865,2026-10-06T01:19:04Z,3054518403,
biz-122,active,PROSPEC INC|1164 E VALENCIA DR|92831,2026-10-06T01:19:04Z,8897238305,
biz-123,active,R T SHELTON INC|4065 E LA PALMA AVE|92807,2026-10-06T01:19:04Z,1499128506;6231587205,
biz-124,active,RAM AIR ENGINEERING INC|25172 ARCTIC OCEAN DR|92630,2026-10-06T01:19:04Z,4125627103,
biz-125,active,RAM AIR ENGINEERING INC|25775 LAS VEGAS AVE|92624,2026-10-06T01:19:04Z,6893538305,
biz-126,active,RAMCO REFRIGERATION AND AIR CONDITIONING INC|3921 E MIRALOMA AVE|92806,2026-10-06T01:19:04Z,4167477104;8115568306,
biz-127,active,REFRIGERATION CONTROL CO INC|33548 VALLE RD|92675,2026-10-06T01:19:04Z,3928617110,
biz-128,active,REGENCY PLUMBING AND PIPING INC|1039 W BARKLEY AVE|92868,2026-10-06T01:19:04Z,6286067308,
biz-129,active,RESIDENTIAL FIRE SYSTEMS INC|8085 E CRYSTAL DR|92807,2026-10-06T01:19:04Z,3939648709;5718647109,
biz-130,active,RGA ROOTER AND AMP PLUMBING INC|18011 THEODORA DR|92780,2026-10-06T01:19:04Z,2816347701,
biz-131,active,RH ORANGE INC|1328 S ALLEC ST|92805,2026-10-06T01:19:04Z,2717438705;9855267009,
biz-132,active,SADDLEBACK PLUMBING INC|23901 REMME RDG|92630,2026-10-06T01:19:04Z,1036067705,
biz-133,active,SCOTT ENGLISH PLUMBING INC|1230 N JEFFERSON ST H|92807,2026-10-06T01:19:04Z,8014268507,
biz-134,active,SEASIDE AIR ENTERPRISES INC|32959 CALLE PERFECTO|92675,2026-10-06T01:19:04Z,3973397703,
biz-135,active,SHELTON FIRE PROTECTION CO INC|22745 LA PALMA AVE|92887,2026-10-06T01:19:04Z,7134917701,
biz-136,active,SMART CHOICE HEATING AND AIR|2525 W WOODLAND DR|92801,2026-10-06T01:19:04Z,2639817110;9026358403,
biz-137,active,SONSHINE PLUMBING INC|10537 DALE AVE|90680,2026-10-06T01:19:04Z,7728197304,
biz-138,active,SOUTH COAST MECHANICAL INC|800 E ORANGETHORPE AVE|92801,2026-10-06T01:19:04Z,6056097006,
biz-139,active,SPECTRUM MECHANICAL INC|9760 RESEARCH DR|92618,2026-10-06T01:19:04Z,2370597210;4262068703,
biz-140,active,STERLING PLUMBING INC|3111 W CENTRAL AVE|92704,2026-10-06T01:19:04Z,3997027201,
biz-141,active,STEVEN D SHAFER|1787 N GREENGROVE ST|92865,2026-10-06T01:19:04Z,9309067207,
biz-142,active,STEVEN SHAFER|1307 W TRENTON AVE|92867,2026-10-06T01:19:04Z,3262728510,
biz-143,active,SUNPIN SOLAR DEVELOPMENT LLC|2020 MAIN ST|92614,2026-10-06T01:19:04Z,2931747709,
biz-144,active,SUNRISE PLUMBING AND AMP MECHANICAL INC|7581 HAZARD AVE|92683,2026-10-06T01:19:04Z,2988267708,
biz-145,active,SUNTREK INDUSTRIES INC|5 HOLLAND|92618,2026-10-06T01:19:04Z,7387717306,
biz-146,active,SUNWEST AIR CONDITIONING INC|1660 BABCOCK ST|92627,2026-10-06T01:19:04Z,9801737002,
biz-147,active,SUPERIOR PLUMBING CONTRACTORS INC|24881 ALICIA PKWY|92653,2026-10-06T01:19:04Z,4756398708,
biz-148,active,SYSTEMS X T INC|1910 VIA E|92806,2026-10-06T01:19:04Z,9648587302,
biz-149,active,TACTICAL AIR INC|29816 AVENIDA DE LAS BANDERAS|92688,2026-10-06T01:19:04Z,5071457305;9657298503,
biz-150,active,TALENT AIR|10880 WALKER ST|90630,2026-10-06T01:19:04Z,2404558302;2438547105,
biz-151,active,THERMALAIR INC|1140 RED GUM ST|92806,2026-10-06T01:19:04Z,8183587002,
biz-152,active,TOM BRENNAN PLUMBING INC|6771 WARNER AVE|92647,2026-10-06T01:19:04Z,4047977804,
biz-153,active,TRILOGY PLUMBING INC|1525 S SINCLAIR ST|92806,2026-10-06T01:19:04Z,5806887307,
biz-154,active,TRITON AIR INC|1221 PUERTA DEL SOL|92673,2026-10-06T01:19:04Z,9160597105,
biz-155,active,TRUE AIR MECHANICAL INC|4 FARADAY|92618,2026-10-06T01:19:04Z,8458667002,
biz-156,active,UPPER V INC|1830 E MIRALOMA AVE|92870,2026-10-06T01:19:04Z,5776218506;7133007207,
biz-157,active,VERNES PLUMBING INC|8561 WHITAKER ST|90621,2026-10-06T01:19:04Z,2676537206,
biz-158,active,WALLACE P JOHNSON PLUMBING AND HEATING INC|1230 N JEFFERSON|92807,2026-10-06T01:19:04Z,9014107209,
biz-159,active,WATER HEATER MAN INC|1361 N HUNDLEY ST|92806,2026-10-06T01:19:04Z,7281168305,
biz-160,active,WATER HEATER MAN INC|570 W FREEDOM AVE|92865,2026-10-06T01:19:04Z,9165047005,
biz-161,active,WATER TECHNIQUES|2915 DAIMLER ST|92705,2026-10-06T01:19:04Z,5533927005,
biz-162,active,WESTAR PLUMBING CO INC|17065 PALMDALE LN|92647,2026-10-06T01:19:04Z,6798507106,
biz-163,active,WHITE MECHANICAL INC|27221 BURBANK|92610,2026-10-06T01:19:04Z,7330657006,
biz-164,active,XL FIRE PROTECTION CO ESOP|3022 N HESPERIAN ST 3022 N HESPERIAN ST|92706,2026-10-06T01:19:04Z,7148818605,
biz-165,active,XTREME PLUMBERS INC|10611 CALLE LEE|90720,2026-10-06T01:19:04Z,6407997705,
biz-166,active,ZARETSKY ENGINEERING SOLUTIONS INC|16520 HARBOR BLVD|92708,2026-10-06T01:19:04Z,3661327106,
